1.23E-06,,,,,,,,,,,,,,,,,,,,,,,,,,,,,,,,,,,,,
1.11E-06,,,,,,,,,,,,,,,,,,,,,,,,,,,,,,,,,,,,,
9.87E-07,,,,,,,,,,,,,,,,,,,,,,,,,,,,,,,,,,,,,
8.71E-07,,,,,,,,,,,,,,,,,,,,,,,,,,,,,,,,,,,,,
7.60E-07,,,,,,,,,,,,,,,,,,,,,,,,,,,,,,,,,,,,,
6.53E-07,,,,,,,,,,,,,,,,,,,,,,,,,,,,,,,,,,,,,
5.51E-07,,,,,,,,,,,,,,,,,,,,,,,,,,,,,,,,,,,,,
4.56E-07,,,,,,,,,,,,,,,,,,,,,,,,,,,,,,,,,,,,,
3.67E-07,,,,,,,,,,,,,,,,,,,,,,,,,,,,,,,,,,,,,
2.85E-07,,,,,,,,,,,,,,,,,,,,,,,,,,,,,,,,,,,,,
2.11E-07,,,,,,,,,,,,,,,,,,,,,,,,,,,,,,,,,,,,,
1.46E-07,,,,,,,,,,,,,,,,,,,,,,,,,,,,,,,,,,,,,
9.06E-08,,,,,,,,,,,,,,,,,,,,,,,,,,,,,,,,,,,,,
4.72E-08,,,,,,,,,,,,,,,,,,,,,,,,,,,,,,,,,,,,,
1.68E-08,,,,,,,,,,,,,,,,,,,,,,,,,,,,,,,,,,,,,
1.46E-09,,,,,,,,,,,,,,,,,,,,,,,,,,,,,,,,,,,,,
3.35E-09,,,,,,,,,,,,,,,,,,,,,,,,,,,,,,,,,,,,,
2.53E-08,,,,,,,,,,,,,,,,,,,,,,,,,,,,,,,,,,,,,
7.07E-08,,,,,,,,,,,,,,,,,,,,,,,,,,,,,,,,,,,,,
1.44E-07,,,,,,,,,,,,,,,,,,,,,,,,,,,,,,,,,,,,,
2.50E-07,,,,,,,,,,,,,,,,,,,,,,,,,,,,,,,,,,,,,
3.96E-07,,,,,,,,,,,,,,,,,,,,,,,,,,,,,,,,,,,,,
5.90E-07,,,,,,,,,,,,,,,,,,,,,,,,,,,,,,,,,,,,,
8.44E-07,,,,,,,,,,,,,,,,,,,,,,,,,,,,,,,,,,,,,
1.17E-06,,,,,,,,,,,,,,,,,,,,,,,,,,,,,,,,,,,,,
1.60E-06,,,,,,,,,,,,,,,,,,,,,,,,,,,,,,,,,,,,,
2.15E-06,,,,,,,,,,,,,,,,,,,,,,,,,,,,,,,,,,,,,
2.87E-06,,,,,,,,,,,,,,,,,,,,,,,,,,,,,,,,,,,,,
3.82E-06,,,,,,,,,,,,,,,,,,,,,,,,,,,,,,,,,,,,,
5.10E-06,,,,,,,,,,,,,,,,,,,,,,,,,,,,,,,,,,,,,
6.87E-06,,,,,,,,,,,,,,,,,,,,,,,,,,,,,,,,,,,,,
9.43E-06,,,,,,,,,,,,,,,,,,,,,,,,,,,,,,,,,,,,,
1.33E-05,,,,,,,,,,,,,,,,,,,,,,,,,,,,,,,,,,,,,
1.95E-05,,,,,,,,,,,,,,,,,,,,,,,,,,,,,,,,,,,,,
3.05E-05,,,,,,,,,,,,,,,,,,,,,,,,,,,,,,,,,,,,,
5.04E-05,,,,,,,,,,,,,,,,,,,,,,,,,,,,,,,,,,,,,
8.43E-05,,,,,,,,,,,,,,,,,,,,,,,,,,,,,,,,,,,,,
0.000131362,,,,,,,,,,,,,,,,,,,,,,,,,,,,,,,,,,,,,
0.000186481,,,,,,,,,,,,,,,,,,,,,,,,,,,,,,,,,,,,,
0.000245693,,,,,,,,,,,,,,,,,,,,,,,,,,,,,,,,,,,,,
0.000307021,,,,,,,,,,,,,,,,,,,,,,,,,,,,,,,,,,,,,
0.000369528,,,,,,,,,,,,,,,,,,,,,,,,,,,,,,,,,,,,,
0.000432746,,,,,,,,,,,,,,,,,,,,,,,,,,,,,,,,,,,,,
0.000496419,,,,,,,,,,,,,,,,,,,,,,,,,,,,,,,,,,,,,
0.0005604,,,,,,,,,,,,,,,,,,,,,,,,,,,,,,,,,,,,,
0.000624598,,,,,,,,,,,,,,,,,,,,,,,,,,,,,,,,,,,,,
0.000688954,,,,,,,,,,,,,,,,,,,,,,,,,,,,,,,,,,,,,
0.000753429,,,,,,,,,,,,,,,,,,,,,,,,,,,,,,,,,,,,,
0.000817996,,,,,,,,,,,,,,,,,,,,,,,,,,,,,,,,,,,,,
0.000882634,,,,,,,,,,,,,,,,,,,,,,,,,,,,,,,,,,,,,
0.00094733,,,,,,,,,,,,,,,,,,,,,,,,,,,,,,,,,,,,,
0.001012073,,,,,,,,,,,,,,,,,,,,,,,,,,,,,,,,,,,,,
0.001076854,,,,,,,,,,,,,,,,,,,,,,,,,,,,,,,,,,,,,
0.001141667,,,,,,,,,,,,,,,,,,,,,,,,,,,,,,,,,,,,,
0.001206507,,,,,,,,,,,,,,,,,,,,,,,,,,,,,,,,,,,,,
0.001271369,,,,,,,,,,,,,,,,,,,,,,,,,,,,,,,,,,,,,
0.001336251,,,,,,,,,,,,,,,,,,,,,,,,,,,,,,,,,,,,,
0.00140115,,,,,,,,,,,,,,,,,,,,,,,,,,,,,,,,,,,,,
0.001466063,,,,,,,,,,,,,,,,,,,,,,,,,,,,,,,,,,,,,
0.00153099,,,,,,,,,,,,,,,,,,,,,,,,,,,,,,,,,,,,,
0.001595927,,,,,,,,,,,,,,,,,,,,,,,,,,,,,,,,,,,,,
0.001660874,,,,,,,,,,,,,,,,,,,,,,,,,,,,,,,,,,,,,
0.001725831,,,,,,,,,,,,,,,,,,,,,,,,,,,,,,,,,,,,,
0.001790795,,,,,,,,,,,,,,,,,,,,,,,,,,,,,,,,,,,,,
0.001855766,,,,,,,,,,,,,,,,,,,,,,,,,,,,,,,,,,,,,
0.001920743,,,,,,,,,,,,,,,,,,,,,,,,,,,,,,,,,,,,,
0.001985726,,,,,,,,,,,,,,,,,,,,,,,,,,,,,,,,,,,,,
0.002050715,,,,,,,,,,,,,,,,,,,,,,,,,,,,,,,,,,,,,
0.002115708,,,,,,,,,,,,,,,,,,,,,,,,,,,,,,,,,,,,,
0.002180705,,,,,,,,,,,,,,,,,,,,,,,,,,,,,,,,,,,,,
0.002245706,,,,,,,,,,,,,,,,,,,,,,,,,,,,,,,,,,,,,
0.002310711,,,,,,,,,,,,,,,,,,,,,,,,,,,,,,,,,,,,,
0.002375719,,,,,,,,,,,,,,,,,,,,,,,,,,,,,,,,,,,,,
0.00244073,,,,,,,,,,,,,,,,,,,,,,,,,,,,,,,,,,,,,
0.002505744,,,,,,,,,,,,,,,,,,,,,,,,,,,,,,,,,,,,,
0.00257076,,,,,,,,,,,,,,,,,,,,,,,,,,,,,,,,,,,,,
0.002635779,,,,,,,,,,,,,,,,,,,,,,,,,,,,,,,,,,,,,
0.0027008,,,,,,,,,,,,,,,,,,,,,,,,,,,,,,,,,,,,,
0.002765823,,,,,,,,,,,,,,,,,,,,,,,,,,,,,,,,,,,,,
0.002830848,,,,,,,,,,,,,,,,,,,,,,,,,,,,,,,,,,,,,
0.002895875,,,,,,,,,,,,,,,,,,,,,,,,,,,,,,,,,,,,,
0.002960903,,,,,,,,,,,,,,,,,,,,,,,,,,,,,,,,,,,,,
0.003025933,,,,,,,,,,,,,,,,,,,,,,,,,,,,,,,,,,,,,
0.003090965,,,,,,,,,,,,,,,,,,,,,,,,,,,,,,,,,,,,,
0.003155998,,,,,,,,,,,,,,,,,,,,,,,,,,,,,,,,,,,,,
0.003221032,,,,,,,,,,,,,,,,,,,,,,,,,,,,,,,,,,,,,
0.003286067,,,,,,,,,,,,,,,,,,,,,,,,,,,,,,,,,,,,,
0.003351104,,,,,,,,,,,,,,,,,,,,,,,,,,,,,,,,,,,,,
0.003416142,,,,,,,,,,,,,,,,,,,,,,,,,,,,,,,,,,,,,
0.00348118,,,,,,,,,,,,,,,,,,,,,,,,,,,,,,,,,,,,,
0.00354622,,,,,,,,,,,,,,,,,,,,,,,,,,,,,,,,,,,,,
0.00361126,,,,,,,,,,,,,,,,,,,,,,,,,,,,,,,,,,,,,
0.003676302,,,,,,,,,,,,,,,,,,,,,,,,,,,,,,,,,,,,,
0.003741344,,,,,,,,,,,,,,,,,,,,,,,,,,,,,,,,,,,,,
0.003806387,,,,,,,,,,,,,,,,,,,,,,,,,,,,,,,,,,,,,
0.003871431,,,,,,,,,,,,,,,,,,,,,,,,,,,,,,,,,,,,,
0.003936475,,,,,,,,,,,,,,,,,,,,,,,,,,,,,,,,,,,,,
0.00400152,,,,,,,,,,,,,,,,,,,,,,,,,,,,,,,,,,,,,
0.004066566,,,,,,,,,,,,,,,,,,,,,,,,,,,,,,,,,,,,,
0.004131613,,,,,,,,,,,,,,,,,,,,,,,,,,,,,,,,,,,,,
0.004196659,,,,,,,,,,,,,,,,,,,,,,,,,,,,,,,,,,,,,
0.004261707,,,,,,,,,,,,,,,,,,,,,,,,,,,,,,,,,,,,,
0.004326755,,,,,,,,,,,,,,,,,,,,,,,,,,,,,,,,,,,,,
0.004391804,,,,,,,,,,,,,,,,,,,,,,,,,,,,,,,,,,,,,
0.004456853,,,,,,,,,,,,,,,,,,,,,,,,,,,,,,,,,,,,,
0.004521902,,,,,,,,,,,,,,,,,,,,,,,,,,,,,,,,,,,,,
0.004586952,,,,,,,,,,,,,,,,,,,,,,,,,,,,,,,,,,,,,
0.004652002,,,,,,,,,,,,,,,,,,,,,,,,,,,,,,,,,,,,,
0.004717053,,,,,,,,,,,,,,,,,,,,,,,,,,,,,,,,,,,,,
0.004782104,,,,,,,,,,,,,,,,,,,,,,,,,,,,,,,,,,,,,
0.004847156,,,,,,,,,,,,,,,,,,,,,,,,,,,,,,,,,,,,,
0.004912208,,,,,,,,,,,,,,,,,,,,,,,,,,,,,,,,,,,,,
0.00497726,,,,,,,,,,,,,,,,,,,,,,,,,,,,,,,,,,,,,
0.005042312,,,,,,,,,,,,,,,,,,,,,,,,,,,,,,,,,,,,,
0.005107365,,,,,,,,,,,,,,,,,,,,,,,,,,,,,,,,,,,,,
0.005172418,,,,,,,,,,,,,,,,,,,,,,,,,,,,,,,,,,,,,
0.005237472,,,,,,,,,,,,,,,,,,,,,,,,,,,,,,,,,,,,,
0.005302525,,,,,,,,,,,,,,,,,,,,,,,,,,,,,,,,,,,,,
0.005367579,,,,,,,,,,,,,,,,,,,,,,,,,,,,,,,,,,,,,
0.005432634,,,,,,,,,,,,,,,,,,,,,,,,,,,,,,,,,,,,,
0.005497688,,,,,,,,,,,,,,,,,,,,,,,,,,,,,,,,,,,,,
0.005562743,,,,,,,,,,,,,,,,,,,,,,,,,,,,,,,,,,,,,
0.005627798,,,,,,,,,,,,,,,,,,,,,,,,,,,,,,,,,,,,,
0.005692853,,,,,,,,,,,,,,,,,,,,,,,,,,,,,,,,,,,,,
0.005757909,,,,,,,,,,,,,,,,,,,,,,,,,,,,,,,,,,,,,
0.005822965,,,,,,,,,,,,,,,,,,,,,,,,,,,,,,,,,,,,,
0.00588802,,,,,,,,,,,,,,,,,,,,,,,,,,,,,,,,,,,,,
0.005953076,,,,,,,,,,,,,,,,,,,,,,,,,,,,,,,,,,,,,
0.006018133,,,,,,,,,,,,,,,,,,,,,,,,,,,,,,,,,,,,,
0.006083189,,,,,,,,,,,,,,,,,,,,,,,,,,,,,,,,,,,,,
0.006148246,,,,,,,,,,,,,,,,,,,,,,,,,,,,,,,,,,,,,
0.006213303,,,,,,,,,,,,,,,,,,,,,,,,,,,,,,,,,,,,,
0.00627836,,,,,,,,,,,,,,,,,,,,,,,,,,,,,,,,,,,,,
0.006343417,,,,,,,,,,,,,,,,,,,,,,,,,,,,,,,,,,,,,
0.006408474,,,,,,,,,,,,,,,,,,,,,,,,,,,,,,,,,,,,,
0.006473532,,,,,,,,,,,,,,,,,,,,,,,,,,,,,,,,,,,,,
0.006538589,,,,,,,,,,,,,,,,,,,,,,,,,,,,,,,,,,,,,
0.006603647,,,,,,,,,,,,,,,,,,,,,,,,,,,,,,,,,,,,,
0.006668705,,,,,,,,,,,,,,,,,,,,,,,,,,,,,,,,,,,,,
0.006733763,,,,,,,,,,,,,,,,,,,,,,,,,,,,,,,,,,,,,
0.006798821,,,,,,,,,,,,,,,,,,,,,,,,,,,,,,,,,,,,,
0.00686388,,,,,,,,,,,,,,,,,,,,,,,,,,,,,,,,,,,,,
0.006928938,,,,,,,,,,,,,,,,,,,,,,,,,,,,,,,,,,,,,
0.006993997,,,,,,,,,,,,,,,,,,,,,,,,,,,,,,,,,,,,,
0.007059055,,,,,,,,,,,,,,,,,,,,,,,,,,,,,,,,,,,,,
0.007124114,,,,,,,,,,,,,,,,,,,,,,,,,,,,,,,,,,,,,
0.007189173,,,,,,,,,,,,,,,,,,,,,,,,,,,,,,,,,,,,,
0.007254232,,,,,,,,,,,,,,,,,,,,,,,,,,,,,,,,,,,,,
0.007319291,,,,,,,,,,,,,,,,,,,,,,,,,,,,,,,,,,,,,
0.00738435,,,,,,,,,,,,,,,,,,,,,,,,,,,,,,,,,,,,,
0.00744941,,,,,,,,,,,,,,,,,,,,,,,,,,,,,,,,,,,,,
0.007514469,,,,,,,,,,,,,,,,,,,,,,,,,,,,,,,,,,,,,
0.007579529,,,,,,,,,,,,,,,,,,,,,,,,,,,,,,,,,,,,,
0.007644588,,,,,,,,,,,,,,,,,,,,,,,,,,,,,,,,,,,,,
0.007709648,,,,,,,,,,,,,,,,,,,,,,,,,,,,,,,,,,,,,
0.007774708,,,,,,,,,,,,,,,,,,,,,,,,,,,,,,,,,,,,,
0.007839768,,,,,,,,,,,,,,,,,,,,,,,,,,,,,,,,,,,,,
0.007904828,,,,,,,,,,,,,,,,,,,,,,,,,,,,,,,,,,,,,
0.007969888,,,,,,,,,,,,,,,,,,,,,,,,,,,,,,,,,,,,,
0.008034948,,,,,,,,,,,,,,,,,,,,,,,,,,,,,,,,,,,,,
0.008100008,,,,,,,,,,,,,,,,,,,,,,,,,,,,,,,,,,,,,
0.008165069,,,,,,,,,,,,,,,,,,,,,,,,,,,,,,,,,,,,,
0.008230129,,,,,,,,,,,,,,,,,,,,,,,,,,,,,,,,,,,,,
0.008295189,,,,,,,,,,,,,,,,,,,,,,,,,,,,,,,,,,,,,
0.00836025,,,,,,,,,,,,,,,,,,,,,,,,,,,,,,,,,,,,,
0.008425311,,,,,,,,,,,,,,,,,,,,,,,,,,,,,,,,,,,,,
0.008490371,,,,,,,,,,,,,,,,,,,,,,,,,,,,,,,,,,,,,
0.008555432,,,,,,,,,,,,,,,,,,,,,,,,,,,,,,,,,,,,,
0.008620493,,,,,,,,,,,,,,,,,,,,,,,,,,,,,,,,,,,,,
0.008685554,,,,,,,,,,,,,,,,,,,,,,,,,,,,,,,,,,,,,
0.008750615,,,,,,,,,,,,,,,,,,,,,,,,,,,,,,,,,,,,,
0.008815676,,,,,,,,,,,,,,,,,,,,,,,,,,,,,,,,,,,,,
0.008880737,,,,,,,,,,,,,,,,,,,,,,,,,,,,,,,,,,,,,
0.008945798,,,,,,,,,,,,,,,,,,,,,,,,,,,,,,,,,,,,,
0.009010859,,,,,,,,,,,,,,,,,,,,,,,,,,,,,,,,,,,,,
0.00907592,,,,,,,,,,,,,,,,,,,,,,,,,,,,,,,,,,,,,
0.009140981,,,,,,,,,,,,,,,,,,,,,,,,,,,,,,,,,,,,,
0.009206043,,,,,,,,,,,,,,,,,,,,,,,,,,,,,,,,,,,,,
0.009271104,,,,,,,,,,,,,,,,,,,,,,,,,,,,,,,,,,,,,
0.009336165,,,,,,,,,,,,,,,,,,,,,,,,,,,,,,,,,,,,,
0.009401227,,,,,,,,,,,,,,,,,,,,,,,,,,,,,,,,,,,,,
0.009466288,,,,,,,,,,,,,,,,,,,,,,,,,,,,,,,,,,,,,
0.00953135,,,,,,,,,,,,,,,,,,,,,,,,,,,,,,,,,,,,,
0.009596412,,,,,,,,,,,,,,,,,,,,,,,,,,,,,,,,,,,,,
0.009661473,,,,,,,,,,,,,,,,,,,,,,,,,,,,,,,,,,,,,
0.009726535,,,,,,,,,,,,,,,,,,,,,,,,,,,,,,,,,,,,,
0.009791597,,,,,,,,,,,,,,,,,,,,,,,,,,,,,,,,,,,,,
0.009856659,,,,,,,,,,,,,,,,,,,,,,,,,,,,,,,,,,,,,
0.00992172,,,,,,,,,,,,,,,,,,,,,,,,,,,,,,,,,,,,,
0.009986782,,,,,,,,,,,,,,,,,,,,,,,,,,,,,,,,,,,,,
0.010051844,,,,,,,,,,,,,,,,,,,,,,,,,,,,,,,,,,,,,
0.010116906,,,,,,,,,,,,,,,,,,,,,,,,,,,,,,,,,,,,,
0.010181968,,,,,,,,,,,,,,,,,,,,,,,,,,,,,,,,,,,,,
0.01024703,,,,,,,,,,,,,,,,,,,,,,,,,,,,,,,,,,,,,
0.010312092,,,,,,,,,,,,,,,,,,,,,,,,,,,,,,,,,,,,,
0.010377154,,,,,,,,,,,,,,,,,,,,,,,,,,,,,,,,,,,,,
0.010442217,,,,,,,,,,,,,,,,,,,,,,,,,,,,,,,,,,,,,
0.010507279,,,,,,,,,,,,,,,,,,,,,,,,,,,,,,,,,,,,,
0.010572341,,,,,,,,,,,,,,,,,,,,,,,,,,,,,,,,,,,,,
0.010637403,,,,,,,,,,,,,,,,,,,,,,,,,,,,,,,,,,,,,
0.010702466,,,,,,,,,,,,,,,,,,,,,,,,,,,,,,,,,,,,,
0.010767528,,,,,,,,,,,,,,,,,,,,,,,,,,,,,,,,,,,,,
0.01083259,,,,,,,,,,,,,,,,,,,,,,,,,,,,,,,,,,,,,
0.010897653,,,,,,,,,,,,,,,,,,,,,,,,,,,,,,,,,,,,,
0.010962715,,,,,,,,,,,,,,,,,,,,,,,,,,,,,,,,,,,,,
0.011027778,,,,,,,,,,,,,,,,,,,,,,,,,,,,,,,,,,,,,
0.01109284,,,,,,,,,,,,,,,,,,,,,,,,,,,,,,,,,,,,,
0.011157903,,,,,,,,,,,,,,,,,,,,,,,,,,,,,,,,,,,,,
0.011222965,,,,,,,,,,,,,,,,,,,,,,,,,,,,,,,,,,,,,
0.011288028,,,,,,,,,,,,,,,,,,,,,,,,,,,,,,,,,,,,,
0.01135309,,,,,,,,,,,,,,,,,,,,,,,,,,,,,,,,,,,,,
0.011418153,,,,,,,,,,,,,,,,,,,,,,,,,,,,,,,,,,,,,
0.011483216,,,,,,,,,,,,,,,,,,,,,,,,,,,,,,,,,,,,,
0.011548278,,,,,,,,,,,,,,,,,,,,,,,,,,,,,,,,,,,,,
0.011613341,,,,,,,,,,,,,,,,,,,,,,,,,,,,,,,,,,,,,
0.011678404,,,,,,,,,,,,,,,,,,,,,,,,,,,,,,,,,,,,,
0.011743467,,,,,,,,,,,,,,,,,,,,,,,,,,,,,,,,,,,,,
0.011808529,,,,,,,,,,,,,,,,,,,,,,,,,,,,,,,,,,,,,
0.011873592,,,,,,,,,,,,,,,,,,,,,,,,,,,,,,,,,,,,,
0.011938655,,,,,,,,,,,,,,,,,,,,,,,,,,,,,,,,,,,,,
0.012003718,,,,,,,,,,,,,,,,,,,,,,,,,,,,,,,,,,,,,
0.012068781,,,,,,,,,,,,,,,,,,,,,,,,,,,,,,,,,,,,,
0.012133844,,,,,,,,,,,,,,,,,,,,,,,,,,,,,,,,,,,,,
0.012198907,,,,,,,,,,,,,,,,,,,,,,,,,,,,,,,,,,,,,
0.01226397,,,,,,,,,,,,,,,,,,,,,,,,,,,,,,,,,,,,,
0.012329033,,,,,,,,,,,,,,,,,,,,,,,,,,,,,,,,,,,,,
0.012394096,,,,,,,,,,,,,,,,,,,,,,,,,,,,,,,,,,,,,
0.012459159,,,,,,,,,,,,,,,,,,,,,,,,,,,,,,,,,,,,,
0.012524222,,,,,,,,,,,,,,,,,,,,,,,,,,,,,,,,,,,,,
0.012589285,,,,,,,,,,,,,,,,,,,,,,,,,,,,,,,,,,,,,
0.012654348,,,,,,,,,,,,,,,,,,,,,,,,,,,,,,,,,,,,,
0.012719411,,,,,,,,,,,,,,,,,,,,,,,,,,,,,,,,,,,,,
0.012784474,,,,,,,,,,,,,,,,,,,,,,,,,,,,,,,,,,,,,
0.012849537,,,,,,,,,,,,,,,,,,,,,,,,,,,,,,,,,,,,,
0.0129146,,,,,,,,,,,,,,,,,,,,,,,,,,,,,,,,,,,,,
0.012979664,,,,,,,,,,,,,,,,,,,,,,,,,,,,,,,,,,,,,
0.013044727,,,,,,,,,,,,,,,,,,,,,,,,,,,,,,,,,,,,,
0.01310979,,,,,,,,,,,,,,,,,,,,,,,,,,,,,,,,,,,,,
0.013174853,,,,,,,,,,,,,,,,,,,,,,,,,,,,,,,,,,,,,
0.013239916,,,,,,,,,,,,,,,,,,,,,,,,,,,,,,,,,,,,,
0.01330498,,,,,,,,,,,,,,,,,,,,,,,,,,,,,,,,,,,,,
0.013370043,,,,,,,,,,,,,,,,,,,,,,,,,,,,,,,,,,,,,
0.013435106,,,,,,,,,,,,,,,,,,,,,,,,,,,,,,,,,,,,,
0.01350017,,,,,,,,,,,,,,,,,,,,,,,,,,,,,,,,,,,,,
0.013565233,,,,,,,,,,,,,,,,,,,,,,,,,,,,,,,,,,,,,
0.013630296,,,,,,,,,,,,,,,,,,,,,,,,,,,,,,,,,,,,,
0.01369536,,,,,,,,,,,,,,,,,,,,,,,,,,,,,,,,,,,,,
0.013760423,,,,,,,,,,,,,,,,,,,,,,,,,,,,,,,,,,,,,
0.013825487,,,,,,,,,,,,,,,,,,,,,,,,,,,,,,,,,,,,,
0.01389055,,,,,,,,,,,,,,,,,,,,,,,,,,,,,,,,,,,,,
0.013955613,,,,,,,,,,,,,,,,,,,,,,,,,,,,,,,,,,,,,
0.014020677,,,,,,,,,,,,,,,,,,,,,,,,,,,,,,,,,,,,,
0.01408574,,,,,,,,,,,,,,,,,,,,,,,,,,,,,,,,,,,,,
0.014150804,,,,,,,,,,,,,,,,,,,,,,,,,,,,,,,,,,,,,
0.014215867,,,,,,,,,,,,,,,,,,,,,,,,,,,,,,,,,,,,,
0.014280931,,,,,,,,,,,,,,,,,,,,,,,,,,,,,,,,,,,,,
0.014345994,,,,,,,,,,,,,,,,,,,,,,,,,,,,,,,,,,,,,
0.014411058,,,,,,,,,,,,,,,,,,,,,,,,,,,,,,,,,,,,,
0.014476121,,,,,,,,,,,,,,,,,,,,,,,,,,,,,,,,,,,,,
0.014541185,,,,,,,,,,,,,,,,,,,,,,,,,,,,,,,,,,,,,
0.014606249,,,,,,,,,,,,,,,,,,,,,,,,,,,,,,,,,,,,,
0.014671312,,,,,,,,,,,,,,,,,,,,,,,,,,,,,,,,,,,,,
0.014736376,,,,,,,,,,,,,,,,,,,,,,,,,,,,,,,,,,,,,
0.014801439,,,,,,,,,,,,,,,,,,,,,,,,,,,,,,,,,,,,,
0.014866503,,,,,,,,,,,,,,,,,,,,,,,,,,,,,,,,,,,,,
0.014931567,,,,,,,,,,,,,,,,,,,,,,,,,,,,,,,,,,,,,
0.01499663,,,,,,,,,,,,,,,,,,,,,,,,,,,,,,,,,,,,,
0.015061694,,,,,,,,,,,,,,,,,,,,,,,,,,,,,,,,,,,,,
0.015126758,,,,,,,,,,,,,,,,,,,,,,,,,,,,,,,,,,,,,
0.015191821,,,,,,,,,,,,,,,,,,,,,,,,,,,,,,,,,,,,,
0.015256885,,,,,,,,,,,,,,,,,,,,,,,,,,,,,,,,,,,,,
0.015321949,,,,,,,,,,,,,,,,,,,,,,,,,,,,,,,,,,,,,
0.015387013,,,,,,,,,,,,,,,,,,,,,,,,,,,,,,,,,,,,,
0.015452076,,,,,,,,,,,,,,,,,,,,,,,,,,,,,,,,,,,,,
0.01551714,,,,,,,,,,,,,,,,,,,,,,,,,,,,,,,,,,,,,
0.015582204,,,,,,,,,,,,,,,,,,,,,,,,,,,,,,,,,,,,,
0.015647268,,,,,,,,,,,,,,,,,,,,,,,,,,,,,,,,,,,,,
0.015712331,,,,,,,,,,,,,,,,,,,,,,,,,,,,,,,,,,,,,
0.015777395,,,,,,,,,,,,,,,,,,,,,,,,,,,,,,,,,,,,,
0.015842459,,,,,,,,,,,,,,,,,,,,,,,,,,,,,,,,,,,,,
0.015907523,,,,,,,,,,,,,,,,,,,,,,,,,,,,,,,,,,,,,
0.015972587,,,,,,,,,,,,,,,,,,,,,,,,,,,,,,,,,,,,,
0.01603765,,,,,,,,,,,,,,,,,,,,,,,,,,,,,,,,,,,,,
0.016102714,,,,,,,,,,,,,,,,,,,,,,,,,,,,,,,,,,,,,
0.016167778,,,,,,,,,,,,,,,,,,,,,,,,,,,,,,,,,,,,,
0.016232842,,,,,,,,,,,,,,,,,,,,,,,,,,,,,,,,,,,,,
0.016297906,,,,,,,,,,,,,,,,,,,,,,,,,,,,,,,,,,,,,
0.01636297,,,,,,,,,,,,,,,,,,,,,,,,,,,,,,,,,,,,,
0.016428034,,,,,,,,,,,,,,,,,,,,,,,,,,,,,,,,,,,,,
0.016493098,,,,,,,,,,,,,,,,,,,,,,,,,,,,,,,,,,,,,
0.016558161,,,,,,,,,,,,,,,,,,,,,,,,,,,,,,,,,,,,,
0.016623225,,,,,,,,,,,,,,,,,,,,,,,,,,,,,,,,,,,,,
0.016688289,,,,,,,,,,,,,,,,,,,,,,,,,,,,,,,,,,,,,
0.016753353,,,,,,,,,,,,,,,,,,,,,,,,,,,,,,,,,,,,,
0.016818417,,,,,,,,,,,,,,,,,,,,,,,,,,,,,,,,,,,,,
0.016883481,,,,,,,,,,,,,,,,,,,,,,,,,,,,,,,,,,,,,
0.016948545,,,,,,,,,,,,,,,,,,,,,,,,,,,,,,,,,,,,,
0.017013609,,,,,,,,,,,,,,,,,,,,,,,,,,,,,,,,,,,,,
0.017078673,,,,,,,,,,,,,,,,,,,,,,,,,,,,,,,,,,,,,
0.017143737,,,,,,,,,,,,,,,,,,,,,,,,,,,,,,,,,,,,,
0.017208801,,,,,,,,,,,,,,,,,,,,,,,,,,,,,,,,,,,,,
0.017273865,,,,,,,,,,,,,,,,,,,,,,,,,,,,,,,,,,,,,
0.017338929,,,,,,,,,,,,,,,,,,,,,,,,,,,,,,,,,,,,,
0.017403993,,,,,,,,,,,,,,,,,,,,,,,,,,,,,,,,,,,,,
0.017469057,,,,,,,,,,,,,,,,,,,,,,,,,,,,,,,,,,,,,
0.017534121,,,,,,,,,,,,,,,,,,,,,,,,,,,,,,,,,,,,,
0.017599185,,,,,,,,,,,,,,,,,,,,,,,,,,,,,,,,,,,,,
0.017664249,,,,,,,,,,,,,,,,,,,,,,,,,,,,,,,,,,,,,
0.017729313,,,,,,,,,,,,,,,,,,,,,,,,,,,,,,,,,,,,,
0.017794377,,,,,,,,,,,,,,,,,,,,,,,,,,,,,,,,,,,,,
0.017859441,,,,,,,,,,,,,,,,,,,,,,,,,,,,,,,,,,,,,
0.017924506,,,,,,,,,,,,,,,,,,,,,,,,,,,,,,,,,,,,,
0.01798957,,,,,,,,,,,,,,,,,,,,,,,,,,,,,,,,,,,,,
0.018054634,,,,,,,,,,,,,,,,,,,,,,,,,,,,,,,,,,,,,
0.018119698,,,,,,,,,,,,,,,,,,,,,,,,,,,,,,,,,,,,,
0.018184762,,,,,,,,,,,,,,,,,,,,,,,,,,,,,,,,,,,,,
0.018249826,,,,,,,,,,,,,,,,,,,,,,,,,,,,,,,,,,,,,
0.01831489,,,,,,,,,,,,,,,,,,,,,,,,,,,,,,,,,,,,,
0.018379954,,,,,,,,,,,,,,,,,,,,,,,,,,,,,,,,,,,,,
0.018445018,,,,,,,,,,,,,,,,,,,,,,,,,,,,,,,,,,,,,
0.018510083,,,,,,,,,,,,,,,,,,,,,,,,,,,,,,,,,,,,,
0.018575147,,,,,,,,,,,,,,,,,,,,,,,,,,,,,,,,,,,,,
0.018640211,,,,,,,,,,,,,,,,,,,,,,,,,,,,,,,,,,,,,
0.018705275,,,,,,,,,,,,,,,,,,,,,,,,,,,,,,,,,,,,,
0.018770339,,,,,,,,,,,,,,,,,,,,,,,,,,,,,,,,,,,,,
0.018835403,,,,,,,,,,,,,,,,,,,,,,,,,,,,,,,,,,,,,
0.018900468,,,,,,,,,,,,,,,,,,,,,,,,,,,,,,,,,,,,,
0.018965532,,,,,,,,,,,,,,,,,,,,,,,,,,,,,,,,,,,,,
0.019030596,,,,,,,,,,,,,,,,,,,,,,,,,,,,,,,,,,,,,
0.01909566,,,,,,,,,,,,,,,,,,,,,,,,,,,,,,,,,,,,,
0.019160724,,,,,,,,,,,,,,,,,,,,,,,,,,,,,,,,,,,,,
0.019225789,,,,,,,,,,,,,,,,,,,,,,,,,,,,,,,,,,,,,
0.019290853,,,,,,,,,,,,,,,,,,,,,,,,,,,,,,,,,,,,,
0.019355917,,,,,,,,,,,,,,,,,,,,,,,,,,,,,,,,,,,,,
0.019420981,,,,,,,,,,,,,,,,,,,,,,,,,,,,,,,,,,,,,
0.019486045,,,,,,,,,,,,,,,,,,,,,,,,,,,,,,,,,,,,,
0.01955111,,,,,,,,,,,,,,,,,,,,,,,,,,,,,,,,,,,,,
0.019616174,,,,,,,,,,,,,,,,,,,,,,,,,,,,,,,,,,,,,
0.019681238,,,,,,,,,,,,,,,,,,,,,,,,,,,,,,,,,,,,,
0.019746302,,,,,,,,,,,,,,,,,,,,,,,,,,,,,,,,,,,,,
0.019811367,,,,,,,,,,,,,,,,,,,,,,,,,,,,,,,,,,,,,
0.019876431,,,,,,,,,,,,,,,,,,,,,,,,,,,,,,,,,,,,,
0.019941495,,,,,,,,,,,,,,,,,,,,,,,,,,,,,,,,,,,,,
0.02000656,,,,,,,,,,,,,,,,,,,,,,,,,,,,,,,,,,,,,
0.020071624,,,,,,,,,,,,,,,,,,,,,,,,,,,,,,,,,,,,,
0.020136688,,,,,,,,,,,,,,,,,,,,,,,,,,,,,,,,,,,,,
0.020201752,,,,,,,,,,,,,,,,,,,,,,,,,,,,,,,,,,,,,
0.020266817,,,,,,,,,,,,,,,,,,,,,,,,,,,,,,,,,,,,,
0.020331881,,,,,,,,,,,,,,,,,,,,,,,,,,,,,,,,,,,,,
0.020396945,,,,,,,,,,,,,,,,,,,,,,,,,,,,,,,,,,,,,
0.02046201,,,,,,,,,,,,,,,,,,,,,,,,,,,,,,,,,,,,,
0.020527074,,,,,,,,,,,,,,,,,,,,,,,,,,,,,,,,,,,,,
0.020592138,,,,,,,,,,,,,,,,,,,,,,,,,,,,,,,,,,,,,
0.020657203,,,,,,,,,,,,,,,,,,,,,,,,,,,,,,,,,,,,,
0.020722267,,,,,,,,,,,,,,,,,,,,,,,,,,,,,,,,,,,,,
0.020787331,,,,,,,,,,,,,,,,,,,,,,,,,,,,,,,,,,,,,
0.020852396,,,,,,,,,,,,,,,,,,,,,,,,,,,,,,,,,,,,,
0.02091746,,,,,,,,,,,,,,,,,,,,,,,,,,,,,,,,,,,,,
0.020982524,,,,,,,,,,,,,,,,,,,,,,,,,,,,,,,,,,,,,
0.021047589,,,,,,,,,,,,,,,,,,,,,,,,,,,,,,,,,,,,,
0.021112653,,,,,,,,,,,,,,,,,,,,,,,,,,,,,,,,,,,,,
0.021177717,,,,,,,,,,,,,,,,,,,,,,,,,,,,,,,,,,,,,
0.021242782,,,,,,,,,,,,,,,,,,,,,,,,,,,,,,,,,,,,,
0.021307846,,,,,,,,,,,,,,,,,,,,,,,,,,,,,,,,,,,,,
0.02137291,,,,,,,,,,,,,,,,,,,,,,,,,,,,,,,,,,,,,
0.021437975,,,,,,,,,,,,,,,,,,,,,,,,,,,,,,,,,,,,,
0.021503039,,,,,,,,,,,,,,,,,,,,,,,,,,,,,,,,,,,,,
0.021568104,,,,,,,,,,,,,,,,,,,,,,,,,,,,,,,,,,,,,
0.021633168,,,,,,,,,,,,,,,,,,,,,,,,,,,,,,,,,,,,,
0.021698232,,,,,,,,,,,,,,,,,,,,,,,,,,,,,,,,,,,,,
0.021763297,,,,,,,,,,,,,,,,,,,,,,,,,,,,,,,,,,,,,
0.021828361,,,,,,,,,,,,,,,,,,,,,,,,,,,,,,,,,,,,,
0.021893426,,,,,,,,,,,,,,,,,,,,,,,,,,,,,,,,,,,,,
0.02195849,,,,,,,,,,,,,,,,,,,,,,,,,,,,,,,,,,,,,
0.022023554,,,,,,,,,,,,,,,,,,,,,,,,,,,,,,,,,,,,,
0.022088619,,,,,,,,,,,,,,,,,,,,,,,,,,,,,,,,,,,,,
0.022153683,,,,,,,,,,,,,,,,,,,,,,,,,,,,,,,,,,,,,
0.022218748,,,,,,,,,,,,,,,,,,,,,,,,,,,,,,,,,,,,,
0.022283812,,,,,,,,,,,,,,,,,,,,,,,,,,,,,,,,,,,,,
0.022348876,,,,,,,,,,,,,,,,,,,,,,,,,,,,,,,,,,,,,
0.022413941,,,,,,,,,,,,,,,,,,,,,,,,,,,,,,,,,,,,,
0.022479005,,,,,,,,,,,,,,,,,,,,,,,,,,,,,,,,,,,,,
0.02254407,,,,,,,,,,,,,,,,,,,,,,,,,,,,,,,,,,,,,
0.022609134,,,,,,,,,,,,,,,,,,,,,,,,,,,,,,,,,,,,,
0.022674199,,,,,,,,,,,,,,,,,,,,,,,,,,,,,,,,,,,,,
0.022739263,,,,,,,,,,,,,,,,,,,,,,,,,,,,,,,,,,,,,
0.022804328,,,,,,,,,,,,,,,,,,,,,,,,,,,,,,,,,,,,,
0.022869392,,,,,,,,,,,,,,,,,,,,,,,,,,,,,,,,,,,,,
0.022934457,,,,,,,,,,,,,,,,,,,,,,,,,,,,,,,,,,,,,
0.022999521,,,,,,,,,,,,,,,,,,,,,,,,,,,,,,,,,,,,,
0.023064585,,,,,,,,,,,,,,,,,,,,,,,,,,,,,,,,,,,,,
0.02312965,,,,,,,,,,,,,,,,,,,,,,,,,,,,,,,,,,,,,
0.023194714,,,,,,,,,,,,,,,,,,,,,,,,,,,,,,,,,,,,,
0.023259779,,,,,,,,,,,,,,,,,,,,,,,,,,,,,,,,,,,,,
0.023324843,,,,,,,,,,,,,,,,,,,,,,,,,,,,,,,,,,,,,
0.023389908,,,,,,,,,,,,,,,,,,,,,,,,,,,,,,,,,,,,,
0.023454972,,,,,,,,,,,,,,,,,,,,,,,,,,,,,,,,,,,,,
0.023520037,,,,,,,,,,,,,,,,,,,,,,,,,,,,,,,,,,,,,
0.023585101,,,,,,,,,,,,,,,,,,,,,,,,,,,,,,,,,,,,,
0.023650166,,,,,,,,,,,,,,,,,,,,,,,,,,,,,,,,,,,,,
0.02371523,,,,,,,,,,,,,,,,,,,,,,,,,,,,,,,,,,,,,
0.023780295,,,,,,,,,,,,,,,,,,,,,,,,,,,,,,,,,,,,,
0.023845359,,,,,,,,,,,,,,,,,,,,,,,,,,,,,,,,,,,,,
0.023910424,,,,,,,,,,,,,,,,,,,,,,,,,,,,,,,,,,,,,
0.023975488,,,,,,,,,,,,,,,,,,,,,,,,,,,,,,,,,,,,,
0.024040553,,,,,,,,,,,,,,,,,,,,,,,,,,,,,,,,,,,,,
0.024105617,,,,,,,,,,,,,,,,,,,,,,,,,,,,,,,,,,,,,
0.024170682,,,,,,,,,,,,,,,,,,,,,,,,,,,,,,,,,,,,,
0.024235746,,,,,,,,,,,,,,,,,,,,,,,,,,,,,,,,,,,,,
0.024300811,,,,,,,,,,,,,,,,,,,,,,,,,,,,,,,,,,,,,
0.024365876,,,,,,,,,,,,,,,,,,,,,,,,,,,,,,,,,,,,,
0.02443094,,,,,,,,,,,,,,,,,,,,,,,,,,,,,,,,,,,,,
0.024496005,,,,,,,,,,,,,,,,,,,,,,,,,,,,,,,,,,,,,
0.024561069,,,,,,,,,,,,,,,,,,,,,,,,,,,,,,,,,,,,,
0.024626134,,,,,,,,,,,,,,,,,,,,,,,,,,,,,,,,,,,,,
0.024691198,,,,,,,,,,,,,,,,,,,,,,,,,,,,,,,,,,,,,
0.024756263,,,,,,,,,,,,,,,,,,,,,,,,,,,,,,,,,,,,,
0.024821327,,,,,,,,,,,,,,,,,,,,,,,,,,,,,,,,,,,,,
0.024886392,,,,,,,,,,,,,,,,,,,,,,,,,,,,,,,,,,,,,
0.024951456,,,,,,,,,,,,,,,,,,,,,,,,,,,,,,,,,,,,,
0.025016521,,,,,,,,,,,,,,,,,,,,,,,,,,,,,,,,,,,,,
0.025081586,,,,,,,,,,,,,,,,,,,,,,,,,,,,,,,,,,,,,
0.02514665,,,,,,,,,,,,,,,,,,,,,,,,,,,,,,,,,,,,,
0.025211715,,,,,,,,,,,,,,,,,,,,,,,,,,,,,,,,,,,,,
0.025276779,,,,,,,,,,,,,,,,,,,,,,,,,,,,,,,,,,,,,
0.025341844,,,,,,,,,,,,,,,,,,,,,,,,,,,,,,,,,,,,,
0.025406908,,,,,,,,,,,,,,,,,,,,,,,,,,,,,,,,,,,,,
0.025471973,,,,,,,,,,,,,,,,,,,,,,,,,,,,,,,,,,,,,
0.025537038,,,,,,,,,,,,,,,,,,,,,,,,,,,,,,,,,,,,,
0.025602102,,,,,,,,,,,,,,,,,,,,,,,,,,,,,,,,,,,,,
0.025667167,,,,,,,,,,,,,,,,,,,,,,,,,,,,,,,,,,,,,
0.025732231,,,,,,,,,,,,,,,,,,,,,,,,,,,,,,,,,,,,,
0.025797296,,,,,,,,,,,,,,,,,,,,,,,,,,,,,,,,,,,,,
0.025862361,,,,,,,,,,,,,,,,,,,,,,,,,,,,,,,,,,,,,
0.025927425,,,,,,,,,,,,,,,,,,,,,,,,,,,,,,,,,,,,,
0.02599249,,,,,,,,,,,,,,,,,,,,,,,,,,,,,,,,,,,,,
0.026057554,,,,,,,,,,,,,,,,,,,,,,,,,,,,,,,,,,,,,
0.026122619,,,,,,,,,,,,,,,,,,,,,,,,,,,,,,,,,,,,,
0.026187684,,,,,,,,,,,,,,,,,,,,,,,,,,,,,,,,,,,,,
0.026252748,,,,,,,,,,,,,,,,,,,,,,,,,,,,,,,,,,,,,
0.026317813,,,,,,,,,,,,,,,,,,,,,,,,,,,,,,,,,,,,,
0.026382877,,,,,,,,,,,,,,,,,,,,,,,,,,,,,,,,,,,,,
0.026447942,,,,,,,,,,,,,,,,,,,,,,,,,,,,,,,,,,,,,
0.026513007,,,,,,,,,,,,,,,,,,,,,,,,,,,,,,,,,,,,,
0.026578071,,,,,,,,,,,,,,,,,,,,,,,,,,,,,,,,,,,,,
0.026643136,,,,,,,,,,,,,,,,,,,,,,,,,,,,,,,,,,,,,
0.0267082,,,,,,,,,,,,,,,,,,,,,,,,,,,,,,,,,,,,,
0.026773265,,,,,,,,,,,,,,,,,,,,,,,,,,,,,,,,,,,,,
0.02683833,,,,,,,,,,,,,,,,,,,,,,,,,,,,,,,,,,,,,
0.026903394,,,,,,,,,,,,,,,,,,,,,,,,,,,,,,,,,,,,,
0.026968459,,,,,,,,,,,,,,,,,,,,,,,,,,,,,,,,,,,,,
0.027033524,,,,,,,,,,,,,,,,,,,,,,,,,,,,,,,,,,,,,
0.027098588,,,,,,,,,,,,,,,,,,,,,,,,,,,,,,,,,,,,,
0.027163653,,,,,,,,,,,,,,,,,,,,,,,,,,,,,,,,,,,,,
0.027228718,,,,,,,,,,,,,,,,,,,,,,,,,,,,,,,,,,,,,
0.027293782,,,,,,,,,,,,,,,,,,,,,,,,,,,,,,,,,,,,,
0.027358847,,,,,,,,,,,,,,,,,,,,,,,,,,,,,,,,,,,,,
0.027423911,,,,,,,,,,,,,,,,,,,,,,,,,,,,,,,,,,,,,
0.027488976,,,,,,,,,,,,,,,,,,,,,,,,,,,,,,,,,,,,,
0.027554041,,,,,,,,,,,,,,,,,,,,,,,,,,,,,,,,,,,,,
0.027619105,,,,,,,,,,,,,,,,,,,,,,,,,,,,,,,,,,,,,
0.02768417,,,,,,,,,,,,,,,,,,,,,,,,,,,,,,,,,,,,,
0.027749235,,,,,,,,,,,,,,,,,,,,,,,,,,,,,,,,,,,,,
0.027814299,,,,,,,,,,,,,,,,,,,,,,,,,,,,,,,,,,,,,
0.027879364,,,,,,,,,,,,,,,,,,,,,,,,,,,,,,,,,,,,,
0.027944429,,,,,,,,,,,,,,,,,,,,,,,,,,,,,,,,,,,,,
0.028009493,,,,,,,,,,,,,,,,,,,,,,,,,,,,,,,,,,,,,
0.028074558,,,,,,,,,,,,,,,,,,,,,,,,,,,,,,,,,,,,,
0.028139623,,,,,,,,,,,,,,,,,,,,,,,,,,,,,,,,,,,,,
0.028204687,,,,,,,,,,,,,,,,,,,,,,,,,,,,,,,,,,,,,
0.028269752,,,,,,,,,,,,,,,,,,,,,,,,,,,,,,,,,,,,,
0.028334817,,,,,,,,,,,,,,,,,,,,,,,,,,,,,,,,,,,,,
0.028399881,,,,,,,,,,,,,,,,,,,,,,,,,,,,,,,,,,,,,
0.028464946,,,,,,,,,,,,,,,,,,,,,,,,,,,,,,,,,,,,,
0.028530011,,,,,,,,,,,,,,,,,,,,,,,,,,,,,,,,,,,,,
0.028595075,,,,,,,,,,,,,,,,,,,,,,,,,,,,,,,,,,,,,
0.02866014,,,,,,,,,,,,,,,,,,,,,,,,,,,,,,,,,,,,,
0.028725205,,,,,,,,,,,,,,,,,,,,,,,,,,,,,,,,,,,,,
0.028790269,,,,,,,,,,,,,,,,,,,,,,,,,,,,,,,,,,,,,
0.028855334,,,,,,,,,,,,,,,,,,,,,,,,,,,,,,,,,,,,,
0.028920399,,,,,,,,,,,,,,,,,,,,,,,,,,,,,,,,,,,,,
0.028985463,,,,,,,,,,,,,,,,,,,,,,,,,,,,,,,,,,,,,
0.029050528,,,,,,,,,,,,,,,,,,,,,,,,,,,,,,,,,,,,,
0.029115593,,,,,,,,,,,,,,,,,,,,,,,,,,,,,,,,,,,,,
0.029180658,,,,,,,,,,,,,,,,,,,,,,,,,,,,,,,,,,,,,
0.029245722,,,,,,,,,,,,,,,,,,,,,,,,,,,,,,,,,,,,,
0.029310787,,,,,,,,,,,,,,,,,,,,,,,,,,,,,,,,,,,,,
0.029375852,,,,,,,,,,,,,,,,,,,,,,,,,,,,,,,,,,,,,
0.029440916,,,,,,,,,,,,,,,,,,,,,,,,,,,,,,,,,,,,,
0.029505981,,,,,,,,,,,,,,,,,,,,,,,,,,,,,,,,,,,,,
0.029571046,,,,,,,,,,,,,,,,,,,,,,,,,,,,,,,,,,,,,
0.02963611,,,,,,,,,,,,,,,,,,,,,,,,,,,,,,,,,,,,,
0.029701175,,,,,,,,,,,,,,,,,,,,,,,,,,,,,,,,,,,,,
0.02976624,,,,,,,,,,,,,,,,,,,,,,,,,,,,,,,,,,,,,
0.029831305,,,,,,,,,,,,,,,,,,,,,,,,,,,,,,,,,,,,,
0.029896369,,,,,,,,,,,,,,,,,,,,,,,,,,,,,,,,,,,,,
0.029961434,,,,,,,,,,,,,,,,,,,,,,,,,,,,,,,,,,,,,
0.030026499,,,,,,,,,,,,,,,,,,,,,,,,,,,,,,,,,,,,,
0.030091563,,,,,,,,,,,,,,,,,,,,,,,,,,,,,,,,,,,,,
0.030156628,,,,,,,,,,,,,,,,,,,,,,,,,,,,,,,,,,,,,
0.030221693,,,,,,,,,,,,,,,,,,,,,,,,,,,,,,,,,,,,,
0.030286758,,,,,,,,,,,,,,,,,,,,,,,,,,,,,,,,,,,,,
0.030351822,,,,,,,,,,,,,,,,,,,,,,,,,,,,,,,,,,,,,
0.030416887,,,,,,,,,,,,,,,,,,,,,,,,,,,,,,,,,,,,,
0.030481952,,,,,,,,,,,,,,,,,,,,,,,,,,,,,,,,,,,,,
0.030547017,,,,,,,,,,,,,,,,,,,,,,,,,,,,,,,,,,,,,
0.030612081,,,,,,,,,,,,,,,,,,,,,,,,,,,,,,,,,,,,,
0.030677146,,,,,,,,,,,,,,,,,,,,,,,,,,,,,,,,,,,,,
0.030742211,,,,,,,,,,,,,,,,,,,,,,,,,,,,,,,,,,,,,
0.030807275,,,,,,,,,,,,,,,,,,,,,,,,,,,,,,,,,,,,,
0.03087234,,,,,,,,,,,,,,,,,,,,,,,,,,,,,,,,,,,,,
0.030937405,,,,,,,,,,,,,,,,,,,,,,,,,,,,,,,,,,,,,
0.03100247,,,,,,,,,,,,,,,,,,,,,,,,,,,,,,,,,,,,,
0.031067534,,,,,,,,,,,,,,,,,,,,,,,,,,,,,,,,,,,,,
0.031132599,,,,,,,,,,,,,,,,,,,,,,,,,,,,,,,,,,,,,
0.031197664,,,,,,,,,,,,,,,,,,,,,,,,,,,,,,,,,,,,,
0.031262729,,,,,,,,,,,,,,,,,,,,,,,,,,,,,,,,,,,,,
0.031327793,,,,,,,,,,,,,,,,,,,,,,,,,,,,,,,,,,,,,
0.031392858,,,,,,,,,,,,,,,,,,,,,,,,,,,,,,,,,,,,,
0.031457923,,,,,,,,,,,,,,,,,,,,,,,,,,,,,,,,,,,,,
0.031522988,,,,,,,,,,,,,,,,,,,,,,,,,,,,,,,,,,,,,
0.031588052,,,,,,,,,,,,,,,,,,,,,,,,,,,,,,,,,,,,,
0.031653117,,,,,,,,,,,,,,,,,,,,,,,,,,,,,,,,,,,,,
0.031718182,,,,,,,,,,,,,,,,,,,,,,,,,,,,,,,,,,,,,
0.031783247,,,,,,,,,,,,,,,,,,,,,,,,,,,,,,,,,,,,,
0.031848311,,,,,,,,,,,,,,,,,,,,,,,,,,,,,,,,,,,,,
0.031913376,,,,,,,,,,,,,,,,,,,,,,,,,,,,,,,,,,,,,
0.031978441,,,,,,,,,,,,,,,,,,,,,,,,,,,,,,,,,,,,,
0.032043506,,,,,,,,,,,,,,,,,,,,,,,,,,,,,,,,,,,,,
0.03210857,,,,,,,,,,,,,,,,,,,,,,,,,,,,,,,,,,,,,
0.032173635,,,,,,,,,,,,,,,,,,,,,,,,,,,,,,,,,,,,,
0.0322387,,,,,,,,,,,,,,,,,,,,,,,,,,,,,,,,,,,,,
0.032303765,,,,,,,,,,,,,,,,,,,,,,,,,,,,,,,,,,,,,
0.032368829,,,,,,,,,,,,,,,,,,,,,,,,,,,,,,,,,,,,,
0.032433894,,,,,,,,,,,,,,,,,,,,,,,,,,,,,,,,,,,,,
0.032498959,,,,,,,,,,,,,,,,,,,,,,,,,,,,,,,,,,,,,
0.032564024,,,,,,,,,,,,,,,,,,,,,,,,,,,,,,,,,,,,,
0.032629088,,,,,,,,,,,,,,,,,,,,,,,,,,,,,,,,,,,,,
0.032694153,,,,,,,,,,,,,,,,,,,,,,,,,,,,,,,,,,,,,
0.032759218,,,,,,,,,,,,,,,,,,,,,,,,,,,,,,,,,,,,,
0.032824283,,,,,,,,,,,,,,,,,,,,,,,,,,,,,,,,,,,,,
0.032889348,,,,,,,,,,,,,,,,,,,,,,,,,,,,,,,,,,,,,
0.032954412,,,,,,,,,,,,,,,,,,,,,,,,,,,,,,,,,,,,,
0.033019477,,,,,,,,,,,,,,,,,,,,,,,,,,,,,,,,,,,,,
0.033084542,,,,,,,,,,,,,,,,,,,,,,,,,,,,,,,,,,,,,
0.033149607,,,,,,,,,,,,,,,,,,,,,,,,,,,,,,,,,,,,,
0.033214671,,,,,,,,,,,,,,,,,,,,,,,,,,,,,,,,,,,,,
0.033279736,,,,,,,,,,,,,,,,,,,,,,,,,,,,,,,,,,,,,
0.033344801,,,,,,,,,,,,,,,,,,,,,,,,,,,,,,,,,,,,,
0.033409866,,,,,,,,,,,,,,,,,,,,,,,,,,,,,,,,,,,,,
0.033474931,,,,,,,,,,,,,,,,,,,,,,,,,,,,,,,,,,,,,
0.033539995,,,,,,,,,,,,,,,,,,,,,,,,,,,,,,,,,,,,,
0.03360506,,,,,,,,,,,,,,,,,,,,,,,,,,,,,,,,,,,,,
0.033670125,,,,,,,,,,,,,,,,,,,,,,,,,,,,,,,,,,,,,
0.03373519,,,,,,,,,,,,,,,,,,,,,,,,,,,,,,,,,,,,,
0.033800254,,,,,,,,,,,,,,,,,,,,,,,,,,,,,,,,,,,,,
0.033865319,,,,,,,,,,,,,,,,,,,,,,,,,,,,,,,,,,,,,
0.033930384,,,,,,,,,,,,,,,,,,,,,,,,,,,,,,,,,,,,,
0.033995449,,,,,,,,,,,,,,,,,,,,,,,,,,,,,,,,,,,,,
0.034060514,,,,,,,,,,,,,,,,,,,,,,,,,,,,,,,,,,,,,
0.034125578,,,,,,,,,,,,,,,,,,,,,,,,,,,,,,,,,,,,,
0.034190643,,,,,,,,,,,,,,,,,,,,,,,,,,,,,,,,,,,,,
0.034255708,,,,,,,,,,,,,,,,,,,,,,,,,,,,,,,,,,,,,
0.034320773,,,,,,,,,,,,,,,,,,,,,,,,,,,,,,,,,,,,,
0.034385838,,,,,,,,,,,,,,,,,,,,,,,,,,,,,,,,,,,,,
0.034450902,,,,,,,,,,,,,,,,,,,,,,,,,,,,,,,,,,,,,
0.034515967,,,,,,,,,,,,,,,,,,,,,,,,,,,,,,,,,,,,,
0.034581032,,,,,,,,,,,,,,,,,,,,,,,,,,,,,,,,,,,,,
0.034646097,,,,,,,,,,,,,,,,,,,,,,,,,,,,,,,,,,,,,
0.034711162,,,,,,,,,,,,,,,,,,,,,,,,,,,,,,,,,,,,,
0.034776226,,,,,,,,,,,,,,,,,,,,,,,,,,,,,,,,,,,,,
0.034841291,,,,,,,,,,,,,,,,,,,,,,,,,,,,,,,,,,,,,
0.034906356,,,,,,,,,,,,,,,,,,,,,,,,,,,,,,,,,,,,,
0.034971421,,,,,,,,,,,,,,,,,,,,,,,,,,,,,,,,,,,,,
0.035036486,,,,,,,,,,,,,,,,,,,,,,,,,,,,,,,,,,,,,
0.03510155,,,,,,,,,,,,,,,,,,,,,,,,,,,,,,,,,,,,,
0.035166615,,,,,,,,,,,,,,,,,,,,,,,,,,,,,,,,,,,,,
0.03523168,,,,,,,,,,,,,,,,,,,,,,,,,,,,,,,,,,,,,
0.035296745,,,,,,,,,,,,,,,,,,,,,,,,,,,,,,,,,,,,,
0.03536181,,,,,,,,,,,,,,,,,,,,,,,,,,,,,,,,,,,,,
0.035426875,,,,,,,,,,,,,,,,,,,,,,,,,,,,,,,,,,,,,
0.035491939,,,,,,,,,,,,,,,,,,,,,,,,,,,,,,,,,,,,,
0.035557004,,,,,,,,,,,,,,,,,,,,,,,,,,,,,,,,,,,,,
0.035622069,,,,,,,,,,,,,,,,,,,,,,,,,,,,,,,,,,,,,
0.035687134,,,,,,,,,,,,,,,,,,,,,,,,,,,,,,,,,,,,,
0.035752199,,,,,,,,,,,,,,,,,,,,,,,,,,,,,,,,,,,,,
0.035817263,,,,,,,,,,,,,,,,,,,,,,,,,,,,,,,,,,,,,
0.035882328,,,,,,,,,,,,,,,,,,,,,,,,,,,,,,,,,,,,,
0.035947393,,,,,,,,,,,,,,,,,,,,,,,,,,,,,,,,,,,,,
0.036012458,,,,,,,,,,,,,,,,,,,,,,,,,,,,,,,,,,,,,
0.036077523,,,,,,,,,,,,,,,,,,,,,,,,,,,,,,,,,,,,,
0.036142588,,,,,,,,,,,,,,,,,,,,,,,,,,,,,,,,,,,,,
0.036207652,,,,,,,,,,,,,,,,,,,,,,,,,,,,,,,,,,,,,
0.036272717,,,,,,,,,,,,,,,,,,,,,,,,,,,,,,,,,,,,,
0.036337782,,,,,,,,,,,,,,,,,,,,,,,,,,,,,,,,,,,,,
0.036402847,,,,,,,,,,,,,,,,,,,,,,,,,,,,,,,,,,,,,
0.036467912,,,,,,,,,,,,,,,,,,,,,,,,,,,,,,,,,,,,,
0.036532976,,,,,,,,,,,,,,,,,,,,,,,,,,,,,,,,,,,,,
0.036598041,,,,,,,,,,,,,,,,,,,,,,,,,,,,,,,,,,,,,
0.036663106,,,,,,,,,,,,,,,,,,,,,,,,,,,,,,,,,,,,,
0.036728171,,,,,,,,,,,,,,,,,,,,,,,,,,,,,,,,,,,,,
0.036793236,,,,,,,,,,,,,,,,,,,,,,,,,,,,,,,,,,,,,
0.036858301,,,,,,,,,,,,,,,,,,,,,,,,,,,,,,,,,,,,,
0.036923365,,,,,,,,,,,,,,,,,,,,,,,,,,,,,,,,,,,,,
0.03698843,,,,,,,,,,,,,,,,,,,,,,,,,,,,,,,,,,,,,
0.037053495,,,,,,,,,,,,,,,,,,,,,,,,,,,,,,,,,,,,,
0.03711856,,,,,,,,,,,,,,,,,,,,,,,,,,,,,,,,,,,,,
0.037183625,,,,,,,,,,,,,,,,,,,,,,,,,,,,,,,,,,,,,
0.03724869,,,,,,,,,,,,,,,,,,,,,,,,,,,,,,,,,,,,,
0.037313755,,,,,,,,,,,,,,,,,,,,,,,,,,,,,,,,,,,,,
0.037378819,,,,,,,,,,,,,,,,,,,,,,,,,,,,,,,,,,,,,
0.037443884,,,,,,,,,,,,,,,,,,,,,,,,,,,,,,,,,,,,,
0.037508949,,,,,,,,,,,,,,,,,,,,,,,,,,,,,,,,,,,,,
0.037574014,,,,,,,,,,,,,,,,,,,,,,,,,,,,,,,,,,,,,
0.037639079,,,,,,,,,,,,,,,,,,,,,,,,,,,,,,,,,,,,,
0.037704144,,,,,,,,,,,,,,,,,,,,,,,,,,,,,,,,,,,,,
0.037769208,,,,,,,,,,,,,,,,,,,,,,,,,,,,,,,,,,,,,
0.037834273,,,,,,,,,,,,,,,,,,,,,,,,,,,,,,,,,,,,,
0.037899338,,,,,,,,,,,,,,,,,,,,,,,,,,,,,,,,,,,,,
0.037964403,,,,,,,,,,,,,,,,,,,,,,,,,,,,,,,,,,,,,
0.038029468,,,,,,,,,,,,,,,,,,,,,,,,,,,,,,,,,,,,,
0.038094533,,,,,,,,,,,,,,,,,,,,,,,,,,,,,,,,,,,,,
0.038159597,,,,,,,,,,,,,,,,,,,,,,,,,,,,,,,,,,,,,
0.038224662,,,,,,,,,,,,,,,,,,,,,,,,,,,,,,,,,,,,,
0.038289727,,,,,,,,,,,,,,,,,,,,,,,,,,,,,,,,,,,,,
0.038354792,,,,,,,,,,,,,,,,,,,,,,,,,,,,,,,,,,,,,
0.038419857,,,,,,,,,,,,,,,,,,,,,,,,,,,,,,,,,,,,,
0.038484922,,,,,,,,,,,,,,,,,,,,,,,,,,,,,,,,,,,,,
0.038549987,,,,,,,,,,,,,,,,,,,,,,,,,,,,,,,,,,,,,
0.038615051,,,,,,,,,,,,,,,,,,,,,,,,,,,,,,,,,,,,,
0.038680116,,,,,,,,,,,,,,,,,,,,,,,,,,,,,,,,,,,,,
0.038745181,,,,,,,,,,,,,,,,,,,,,,,,,,,,,,,,,,,,,
0.038810246,,,,,,,,,,,,,,,,,,,,,,,,,,,,,,,,,,,,,
0.038875311,,,,,,,,,,,,,,,,,,,,,,,,,,,,,,,,,,,,,
0.038940376,,,,,,,,,,,,,,,,,,,,,,,,,,,,,,,,,,,,,
0.039005441,,,,,,,,,,,,,,,,,,,,,,,,,,,,,,,,,,,,,
0.039070505,,,,,,,,,,,,,,,,,,,,,,,,,,,,,,,,,,,,,
0.03913557,,,,,,,,,,,,,,,,,,,,,,,,,,,,,,,,,,,,,
0.039200635,,,,,,,,,,,,,,,,,,,,,,,,,,,,,,,,,,,,,
0.0392657,,,,,,,,,,,,,,,,,,,,,,,,,,,,,,,,,,,,,
0.039330765,,,,,,,,,,,,,,,,,,,,,,,,,,,,,,,,,,,,,
0.03939583,,,,,,,,,,,,,,,,,,,,,,,,,,,,,,,,,,,,,
0.039460895,,,,,,,,,,,,,,,,,,,,,,,,,,,,,,,,,,,,,
0.039525959,,,,,,,,,,,,,,,,,,,,,,,,,,,,,,,,,,,,,
0.039591024,,,,,,,,,,,,,,,,,,,,,,,,,,,,,,,,,,,,,
0.039656089,,,,,,,,,,,,,,,,,,,,,,,,,,,,,,,,,,,,,
0.039721154,,,,,,,,,,,,,,,,,,,,,,,,,,,,,,,,,,,,,
0.039786219,,,,,,,,,,,,,,,,,,,,,,,,,,,,,,,,,,,,,
0.039851284,,,,,,,,,,,,,,,,,,,,,,,,,,,,,,,,,,,,,
0.039916349,,,,,,,,,,,,,,,,,,,,,,,,,,,,,,,,,,,,,
0.039981414,,,,,,,,,,,,,,,,,,,,,,,,,,,,,,,,,,,,,
0.040046478,,,,,,,,,,,,,,,,,,,,,,,,,,,,,,,,,,,,,
0.040111543,,,,,,,,,,,,,,,,,,,,,,,,,,,,,,,,,,,,,
0.040176608,,,,,,,,,,,,,,,,,,,,,,,,,,,,,,,,,,,,,
0.040241673,,,,,,,,,,,,,,,,,,,,,,,,,,,,,,,,,,,,,
0.040306738,,,,,,,,,,,,,,,,,,,,,,,,,,,,,,,,,,,,,
0.040371803,,,,,,,,,,,,,,,,,,,,,,,,,,,,,,,,,,,,,
0.040436868,,,,,,,,,,,,,,,,,,,,,,,,,,,,,,,,,,,,,
0.040501932,,,,,,,,,,,,,,,,,,,,,,,,,,,,,,,,,,,,,
0.040566997,,,,,,,,,,,,,,,,,,,,,,,,,,,,,,,,,,,,,
0.040632062,,,,,,,,,,,,,,,,,,,,,,,,,,,,,,,,,,,,,
0.040697127,,,,,,,,,,,,,,,,,,,,,,,,,,,,,,,,,,,,,
0.040762192,,,,,,,,,,,,,,,,,,,,,,,,,,,,,,,,,,,,,
0.040827257,,,,,,,,,,,,,,,,,,,,,,,,,,,,,,,,,,,,,
0.040892322,,,,,,,,,,,,,,,,,,,,,,,,,,,,,,,,,,,,,
0.040957387,,,,,,,,,,,,,,,,,,,,,,,,,,,,,,,,,,,,,
0.041022451,,,,,,,,,,,,,,,,,,,,,,,,,,,,,,,,,,,,,
0.041087516,,,,,,,,,,,,,,,,,,,,,,,,,,,,,,,,,,,,,
0.041152581,,,,,,,,,,,,,,,,,,,,,,,,,,,,,,,,,,,,,
0.041217646,,,,,,,,,,,,,,,,,,,,,,,,,,,,,,,,,,,,,
0.041282711,,,,,,,,,,,,,,,,,,,,,,,,,,,,,,,,,,,,,
0.041347776,,,,,,,,,,,,,,,,,,,,,,,,,,,,,,,,,,,,,
0.041412841,,,,,,,,,,,,,,,,,,,,,,,,,,,,,,,,,,,,,
0.041477906,,,,,,,,,,,,,,,,,,,,,,,,,,,,,,,,,,,,,
0.041542971,,,,,,,,,,,,,,,,,,,,,,,,,,,,,,,,,,,,,
0.041608035,,,,,,,,,,,,,,,,,,,,,,,,,,,,,,,,,,,,,
0.0416731,,,,,,,,,,,,,,,,,,,,,,,,,,,,,,,,,,,,,
0.041738165,,,,,,,,,,,,,,,,,,,,,,,,,,,,,,,,,,,,,
0.04180323,,,,,,,,,,,,,,,,,,,,,,,,,,,,,,,,,,,,,
0.041868295,,,,,,,,,,,,,,,,,,,,,,,,,,,,,,,,,,,,,
0.04193336,,,,,,,,,,,,,,,,,,,,,,,,,,,,,,,,,,,,,
0.041998425,,,,,,,,,,,,,,,,,,,,,,,,,,,,,,,,,,,,,
0.04206349,,,,,,,,,,,,,,,,,,,,,,,,,,,,,,,,,,,,,
0.042128554,,,,,,,,,,,,,,,,,,,,,,,,,,,,,,,,,,,,,
0.042193619,,,,,,,,,,,,,,,,,,,,,,,,,,,,,,,,,,,,,
0.042258684,,,,,,,,,,,,,,,,,,,,,,,,,,,,,,,,,,,,,
0.042323749,,,,,,,,,,,,,,,,,,,,,,,,,,,,,,,,,,,,,
0.042388814,,,,,,,,,,,,,,,,,,,,,,,,,,,,,,,,,,,,,
0.042453879,,,,,,,,,,,,,,,,,,,,,,,,,,,,,,,,,,,,,
0.042518944,,,,,,,,,,,,,,,,,,,,,,,,,,,,,,,,,,,,,
0.042584009,,,,,,,,,,,,,,,,,,,,,,,,,,,,,,,,,,,,,
0.042649074,,,,,,,,,,,,,,,,,,,,,,,,,,,,,,,,,,,,,
0.042714138,,,,,,,,,,,,,,,,,,,,,,,,,,,,,,,,,,,,,
0.042779203,,,,,,,,,,,,,,,,,,,,,,,,,,,,,,,,,,,,,
0.042844268,,,,,,,,,,,,,,,,,,,,,,,,,,,,,,,,,,,,,
0.042909333,,,,,,,,,,,,,,,,,,,,,,,,,,,,,,,,,,,,,
0.042974398,,,,,,,,,,,,,,,,,,,,,,,,,,,,,,,,,,,,,
0.043039463,,,,,,,,,,,,,,,,,,,,,,,,,,,,,,,,,,,,,
0.043104528,,,,,,,,,,,,,,,,,,,,,,,,,,,,,,,,,,,,,
0.043169593,,,,,,,,,,,,,,,,,,,,,,,,,,,,,,,,,,,,,
0.043234658,,,,,,,,,,,,,,,,,,,,,,,,,,,,,,,,,,,,,
0.043299723,,,,,,,,,,,,,,,,,,,,,,,,,,,,,,,,,,,,,
0.043364787,,,,,,,,,,,,,,,,,,,,,,,,,,,,,,,,,,,,,
0.043429852,,,,,,,,,,,,,,,,,,,,,,,,,,,,,,,,,,,,,
0.043494917,,,,,,,,,,,,,,,,,,,,,,,,,,,,,,,,,,,,,
0.043559982,,,,,,,,,,,,,,,,,,,,,,,,,,,,,,,,,,,,,
0.043625047,,,,,,,,,,,,,,,,,,,,,,,,,,,,,,,,,,,,,
0.043690112,,,,,,,,,,,,,,,,,,,,,,,,,,,,,,,,,,,,,
0.043755177,,,,,,,,,,,,,,,,,,,,,,,,,,,,,,,,,,,,,
0.043820242,,,,,,,,,,,,,,,,,,,,,,,,,,,,,,,,,,,,,
0.043885307,,,,,,,,,,,,,,,,,,,,,,,,,,,,,,,,,,,,,
0.043950372,,,,,,,,,,,,,,,,,,,,,,,,,,,,,,,,,,,,,
0.044015436,,,,,,,,,,,,,,,,,,,,,,,,,,,,,,,,,,,,,
0.044080501,,,,,,,,,,,,,,,,,,,,,,,,,,,,,,,,,,,,,
0.044145566,,,,,,,,,,,,,,,,,,,,,,,,,,,,,,,,,,,,,
0.044210631,,,,,,,,,,,,,,,,,,,,,,,,,,,,,,,,,,,,,
0.044275696,,,,,,,,,,,,,,,,,,,,,,,,,,,,,,,,,,,,,
0.044340761,,,,,,,,,,,,,,,,,,,,,,,,,,,,,,,,,,,,,
0.044405826,,,,,,,,,,,,,,,,,,,,,,,,,,,,,,,,,,,,,
0.044470891,,,,,,,,,,,,,,,,,,,,,,,,,,,,,,,,,,,,,
0.044535956,,,,,,,,,,,,,,,,,,,,,,,,,,,,,,,,,,,,,
0.044601021,,,,,,,,,,,,,,,,,,,,,,,,,,,,,,,,,,,,,
0.044666085,,,,,,,,,,,,,,,,,,,,,,,,,,,,,,,,,,,,,
0.04473115,,,,,,,,,,,,,,,,,,,,,,,,,,,,,,,,,,,,,
0.044796215,,,,,,,,,,,,,,,,,,,,,,,,,,,,,,,,,,,,,
0.04486128,,,,,,,,,,,,,,,,,,,,,,,,,,,,,,,,,,,,,
0.044926345,,,,,,,,,,,,,,,,,,,,,,,,,,,,,,,,,,,,,
0.04499141,,,,,,,,,,,,,,,,,,,,,,,,,,,,,,,,,,,,,
0.045056475,,,,,,,,,,,,,,,,,,,,,,,,,,,,,,,,,,,,,
0.04512154,,,,,,,,,,,,,,,,,,,,,,,,,,,,,,,,,,,,,
0.045186605,,,,,,,,,,,,,,,,,,,,,,,,,,,,,,,,,,,,,
0.04525167,,,,,,,,,,,,,,,,,,,,,,,,,,,,,,,,,,,,,
0.045316735,,,,,,,,,,,,,,,,,,,,,,,,,,,,,,,,,,,,,
0.045381799,,,,,,,,,,,,,,,,,,,,,,,,,,,,,,,,,,,,,
0.045446864,,,,,,,,,,,,,,,,,,,,,,,,,,,,,,,,,,,,,
0.045511929,,,,,,,,,,,,,,,,,,,,,,,,,,,,,,,,,,,,,
0.045576994,,,,,,,,,,,,,,,,,,,,,,,,,,,,,,,,,,,,,
0.045642059,,,,,,,,,,,,,,,,,,,,,,,,,,,,,,,,,,,,,
0.045707124,,,,,,,,,,,,,,,,,,,,,,,,,,,,,,,,,,,,,
0.045772189,,,,,,,,,,,,,,,,,,,,,,,,,,,,,,,,,,,,,
0.045837254,,,,,,,,,,,,,,,,,,,,,,,,,,,,,,,,,,,,,
0.045902319,,,,,,,,,,,,,,,,,,,,,,,,,,,,,,,,,,,,,
0.045967384,,,,,,,,,,,,,,,,,,,,,,,,,,,,,,,,,,,,,
0.046032449,,,,,,,,,,,,,,,,,,,,,,,,,,,,,,,,,,,,,
0.046097514,,,,,,,,,,,,,,,,,,,,,,,,,,,,,,,,,,,,,
0.046162578,,,,,,,,,,,,,,,,,,,,,,,,,,,,,,,,,,,,,
0.046227643,,,,,,,,,,,,,,,,,,,,,,,,,,,,,,,,,,,,,
0.046292708,,,,,,,,,,,,,,,,,,,,,,,,,,,,,,,,,,,,,
0.046357773,,,,,,,,,,,,,,,,,,,,,,,,,,,,,,,,,,,,,
0.046422838,,,,,,,,,,,,,,,,,,,,,,,,,,,,,,,,,,,,,
0.046487903,,,,,,,,,,,,,,,,,,,,,,,,,,,,,,,,,,,,,
0.046552968,,,,,,,,,,,,,,,,,,,,,,,,,,,,,,,,,,,,,
0.046618033,,,,,,,,,,,,,,,,,,,,,,,,,,,,,,,,,,,,,
0.046683098,,,,,,,,,,,,,,,,,,,,,,,,,,,,,,,,,,,,,
0.046748163,,,,,,,,,,,,,,,,,,,,,,,,,,,,,,,,,,,,,
0.046813228,,,,,,,,,,,,,,,,,,,,,,,,,,,,,,,,,,,,,
0.046878293,,,,,,,,,,,,,,,,,,,,,,,,,,,,,,,,,,,,,
0.046943357,,,,,,,,,,,,,,,,,,,,,,,,,,,,,,,,,,,,,
0.047008422,,,,,,,,,,,,,,,,,,,,,,,,,,,,,,,,,,,,,
0.047073487,,,,,,,,,,,,,,,,,,,,,,,,,,,,,,,,,,,,,
0.047138552,,,,,,,,,,,,,,,,,,,,,,,,,,,,,,,,,,,,,
0.047203617,,,,,,,,,,,,,,,,,,,,,,,,,,,,,,,,,,,,,
0.047268682,,,,,,,,,,,,,,,,,,,,,,,,,,,,,,,,,,,,,
0.047333747,,,,,,,,,,,,,,,,,,,,,,,,,,,,,,,,,,,,,
0.047398812,,,,,,,,,,,,,,,,,,,,,,,,,,,,,,,,,,,,,
0.047463877,,,,,,,,,,,,,,,,,,,,,,,,,,,,,,,,,,,,,
0.047528942,,,,,,,,,,,,,,,,,,,,,,,,,,,,,,,,,,,,,
0.047594007,,,,,,,,,,,,,,,,,,,,,,,,,,,,,,,,,,,,,
0.047659072,,,,,,,,,,,,,,,,,,,,,,,,,,,,,,,,,,,,,
0.047724137,,,,,,,,,,,,,,,,,,,,,,,,,,,,,,,,,,,,,
0.047789202,,,,,,,,,,,,,,,,,,,,,,,,,,,,,,,,,,,,,
0.047854266,,,,,,,,,,,,,,,,,,,,,,,,,,,,,,,,,,,,,
0.047919331,,,,,,,,,,,,,,,,,,,,,,,,,,,,,,,,,,,,,
0.047984396,,,,,,,,,,,,,,,,,,,,,,,,,,,,,,,,,,,,,
0.048049461,,,,,,,,,,,,,,,,,,,,,,,,,,,,,,,,,,,,,
0.048114526,,,,,,,,,,,,,,,,,,,,,,,,,,,,,,,,,,,,,
0.048179591,,,,,,,,,,,,,,,,,,,,,,,,,,,,,,,,,,,,,
0.048244656,,,,,,,,,,,,,,,,,,,,,,,,,,,,,,,,,,,,,
0.048309721,,,,,,,,,,,,,,,,,,,,,,,,,,,,,,,,,,,,,
0.048374786,,,,,,,,,,,,,,,,,,,,,,,,,,,,,,,,,,,,,
0.048439851,,,,,,,,,,,,,,,,,,,,,,,,,,,,,,,,,,,,,
0.048504916,,,,,,,,,,,,,,,,,,,,,,,,,,,,,,,,,,,,,
0.048569981,,,,,,,,,,,,,,,,,,,,,,,,,,,,,,,,,,,,,
0.048635046,,,,,,,,,,,,,,,,,,,,,,,,,,,,,,,,,,,,,
0.048700111,,,,,,,,,,,,,,,,,,,,,,,,,,,,,,,,,,,,,
0.048765175,,,,,,,,,,,,,,,,,,,,,,,,,,,,,,,,,,,,,
0.04883024,,,,,,,,,,,,,,,,,,,,,,,,,,,,,,,,,,,,,
0.048895305,,,,,,,,,,,,,,,,,,,,,,,,,,,,,,,,,,,,,
0.04896037,,,,,,,,,,,,,,,,,,,,,,,,,,,,,,,,,,,,,
0.049025435,,,,,,,,,,,,,,,,,,,,,,,,,,,,,,,,,,,,,
0.0490905,,,,,,,,,,,,,,,,,,,,,,,,,,,,,,,,,,,,,
0.049155565,,,,,,,,,,,,,,,,,,,,,,,,,,,,,,,,,,,,,
0.04922063,,,,,,,,,,,,,,,,,,,,,,,,,,,,,,,,,,,,,
0.049285695,,,,,,,,,,,,,,,,,,,,,,,,,,,,,,,,,,,,,
0.04935076,,,,,,,,,,,,,,,,,,,,,,,,,,,,,,,,,,,,,
0.049415825,,,,,,,,,,,,,,,,,,,,,,,,,,,,,,,,,,,,,
0.04948089,,,,,,,,,,,,,,,,,,,,,,,,,,,,,,,,,,,,,
0.049545955,,,,,,,,,,,,,,,,,,,,,,,,,,,,,,,,,,,,,
0.04961102,,,,,,,,,,,,,,,,,,,,,,,,,,,,,,,,,,,,,
0.049676085,,,,,,,,,,,,,,,,,,,,,,,,,,,,,,,,,,,,,
0.049741149,,,,,,,,,,,,,,,,,,,,,,,,,,,,,,,,,,,,,
0.049806214,,,,,,,,,,,,,,,,,,,,,,,,,,,,,,,,,,,,,
0.049871279,,,,,,,,,,,,,,,,,,,,,,,,,,,,,,,,,,,,,
0.049936344,,,,,,,,,,,,,,,,,,,,,,,,,,,,,,,,,,,,,
0.050001409,,,,,,,,,,,,,,,,,,,,,,,,,,,,,,,,,,,,,
0.050066474,,,,,,,,,,,,,,,,,,,,,,,,,,,,,,,,,,,,,
0.050131539,,,,,,,,,,,,,,,,,,,,,,,,,,,,,,,,,,,,,
0.050196604,,,,,,,,,,,,,,,,,,,,,,,,,,,,,,,,,,,,,
0.050261669,,,,,,,,,,,,,,,,,,,,,,,,,,,,,,,,,,,,,
0.050326734,,,,,,,,,,,,,,,,,,,,,,,,,,,,,,,,,,,,,
0.050391799,,,,,,,,,,,,,,,,,,,,,,,,,,,,,,,,,,,,,
0.050456864,,,,,,,,,,,,,,,,,,,,,,,,,,,,,,,,,,,,,
0.050521929,,,,,,,,,,,,,,,,,,,,,,,,,,,,,,,,,,,,,
0.050586994,,,,,,,,,,,,,,,,,,,,,,,,,,,,,,,,,,,,,
0.050652059,,,,,,,,,,,,,,,,,,,,,,,,,,,,,,,,,,,,,
0.050717124,,,,,,,,,,,,,,,,,,,,,,,,,,,,,,,,,,,,,
0.050782189,,,,,,,,,,,,,,,,,,,,,,,,,,,,,,,,,,,,,
0.050847253,,,,,,,,,,,,,,,,,,,,,,,,,,,,,,,,,,,,,
0.050912318,,,,,,,,,,,,,,,,,,,,,,,,,,,,,,,,,,,,,
0.050977383,,,,,,,,,,,,,,,,,,,,,,,,,,,,,,,,,,,,,
0.051042448,,,,,,,,,,,,,,,,,,,,,,,,,,,,,,,,,,,,,
0.051107513,,,,,,,,,,,,,,,,,,,,,,,,,,,,,,,,,,,,,
0.051172578,,,,,,,,,,,,,,,,,,,,,,,,,,,,,,,,,,,,,
0.051237643,,,,,,,,,,,,,,,,,,,,,,,,,,,,,,,,,,,,,
0.051302708,,,,,,,,,,,,,,,,,,,,,,,,,,,,,,,,,,,,,
0.051367773,,,,,,,,,,,,,,,,,,,,,,,,,,,,,,,,,,,,,
0.051432838,,,,,,,,,,,,,,,,,,,,,,,,,,,,,,,,,,,,,
0.051497903,,,,,,,,,,,,,,,,,,,,,,,,,,,,,,,,,,,,,
0.051562968,,,,,,,,,,,,,,,,,,,,,,,,,,,,,,,,,,,,,
0.051628033,,,,,,,,,,,,,,,,,,,,,,,,,,,,,,,,,,,,,
0.051693098,,,,,,,,,,,,,,,,,,,,,,,,,,,,,,,,,,,,,
0.051758163,,,,,,,,,,,,,,,,,,,,,,,,,,,,,,,,,,,,,
0.051823228,,,,,,,,,,,,,,,,,,,,,,,,,,,,,,,,,,,,,
0.051888293,,,,,,,,,,,,,,,,,,,,,,,,,,,,,,,,,,,,,
0.051953358,,,,,,,,,,,,,,,,,,,,,,,,,,,,,,,,,,,,,
0.052018422,,,,,,,,,,,,,,,,,,,,,,,,,,,,,,,,,,,,,
0.052083487,,,,,,,,,,,,,,,,,,,,,,,,,,,,,,,,,,,,,
0.052148552,,,,,,,,,,,,,,,,,,,,,,,,,,,,,,,,,,,,,
0.052213617,,,,,,,,,,,,,,,,,,,,,,,,,,,,,,,,,,,,,
0.052278682,,,,,,,,,,,,,,,,,,,,,,,,,,,,,,,,,,,,,
0.052343747,,,,,,,,,,,,,,,,,,,,,,,,,,,,,,,,,,,,,
0.052408812,,,,,,,,,,,,,,,,,,,,,,,,,,,,,,,,,,,,,
0.052473877,,,,,,,,,,,,,,,,,,,,,,,,,,,,,,,,,,,,,
0.052538942,,,,,,,,,,,,,,,,,,,,,,,,,,,,,,,,,,,,,
0.052604007,,,,,,,,,,,,,,,,,,,,,,,,,,,,,,,,,,,,,
0.052669072,,,,,,,,,,,,,,,,,,,,,,,,,,,,,,,,,,,,,
0.052734137,,,,,,,,,,,,,,,,,,,,,,,,,,,,,,,,,,,,,
0.052799202,,,,,,,,,,,,,,,,,,,,,,,,,,,,,,,,,,,,,
0.052864267,,,,,,,,,,,,,,,,,,,,,,,,,,,,,,,,,,,,,
0.052929332,,,,,,,,,,,,,,,,,,,,,,,,,,,,,,,,,,,,,
0.052994397,,,,,,,,,,,,,,,,,,,,,,,,,,,,,,,,,,,,,
0.053059462,,,,,,,,,,,,,,,,,,,,,,,,,,,,,,,,,,,,,
0.053124527,,,,,,,,,,,,,,,,,,,,,,,,,,,,,,,,,,,,,
0.053189592,,,,,,,,,,,,,,,,,,,,,,,,,,,,,,,,,,,,,
0.053254657,,,,,,,,,,,,,,,,,,,,,,,,,,,,,,,,,,,,,
0.053319722,,,,,,,,,,,,,,,,,,,,,,,,,,,,,,,,,,,,,
0.053384786,,,,,,,,,,,,,,,,,,,,,,,,,,,,,,,,,,,,,
0.053449851,,,,,,,,,,,,,,,,,,,,,,,,,,,,,,,,,,,,,
0.053514916,,,,,,,,,,,,,,,,,,,,,,,,,,,,,,,,,,,,,
0.053579981,,,,,,,,,,,,,,,,,,,,,,,,,,,,,,,,,,,,,
0.053645046,,,,,,,,,,,,,,,,,,,,,,,,,,,,,,,,,,,,,
0.053710111,,,,,,,,,,,,,,,,,,,,,,,,,,,,,,,,,,,,,
0.053775176,,,,,,,,,,,,,,,,,,,,,,,,,,,,,,,,,,,,,
0.053840241,,,,,,,,,,,,,,,,,,,,,,,,,,,,,,,,,,,,,
0.053905306,,,,,,,,,,,,,,,,,,,,,,,,,,,,,,,,,,,,,
0.053970371,,,,,,,,,,,,,,,,,,,,,,,,,,,,,,,,,,,,,
0.054035436,,,,,,,,,,,,,,,,,,,,,,,,,,,,,,,,,,,,,
0.054100501,,,,,,,,,,,,,,,,,,,,,,,,,,,,,,,,,,,,,
0.054165566,,,,,,,,,,,,,,,,,,,,,,,,,,,,,,,,,,,,,
0.054230631,,,,,,,,,,,,,,,,,,,,,,,,,,,,,,,,,,,,,
0.054295696,,,,,,,,,,,,,,,,,,,,,,,,,,,,,,,,,,,,,
0.054360761,,,,,,,,,,,,,,,,,,,,,,,,,,,,,,,,,,,,,
0.054425826,,,,,,,,,,,,,,,,,,,,,,,,,,,,,,,,,,,,,
0.054490891,,,,,,,,,,,,,,,,,,,,,,,,,,,,,,,,,,,,,
0.054555956,,,,,,,,,,,,,,,,,,,,,,,,,,,,,,,,,,,,,
0.054621021,,,,,,,,,,,,,,,,,,,,,,,,,,,,,,,,,,,,,
0.054686086,,,,,,,,,,,,,,,,,,,,,,,,,,,,,,,,,,,,,
0.054751151,,,,,,,,,,,,,,,,,,,,,,,,,,,,,,,,,,,,,
0.054816216,,,,,,,,,,,,,,,,,,,,,,,,,,,,,,,,,,,,,
0.054881281,,,,,,,,,,,,,,,,,,,,,,,,,,,,,,,,,,,,,
0.054946345,,,,,,,,,,,,,,,,,,,,,,,,,,,,,,,,,,,,,
0.05501141,,,,,,,,,,,,,,,,,,,,,,,,,,,,,,,,,,,,,
0.055076475,,,,,,,,,,,,,,,,,,,,,,,,,,,,,,,,,,,,,
0.05514154,,,,,,,,,,,,,,,,,,,,,,,,,,,,,,,,,,,,,
0.055206605,,,,,,,,,,,,,,,,,,,,,,,,,,,,,,,,,,,,,
0.05527167,,,,,,,,,,,,,,,,,,,,,,,,,,,,,,,,,,,,,
0.055336735,,,,,,,,,,,,,,,,,,,,,,,,,,,,,,,,,,,,,
0.0554018,,,,,,,,,,,,,,,,,,,,,,,,,,,,,,,,,,,,,
0.055466865,,,,,,,,,,,,,,,,,,,,,,,,,,,,,,,,,,,,,
0.05553193,,,,,,,,,,,,,,,,,,,,,,,,,,,,,,,,,,,,,
0.055596995,,,,,,,,,,,,,,,,,,,,,,,,,,,,,,,,,,,,,
0.05566206,,,,,,,,,,,,,,,,,,,,,,,,,,,,,,,,,,,,,
0.055727125,,,,,,,,,,,,,,,,,,,,,,,,,,,,,,,,,,,,,
0.05579219,,,,,,,,,,,,,,,,,,,,,,,,,,,,,,,,,,,,,
0.055857255,,,,,,,,,,,,,,,,,,,,,,,,,,,,,,,,,,,,,
0.05592232,,,,,,,,,,,,,,,,,,,,,,,,,,,,,,,,,,,,,
0.055987385,,,,,,,,,,,,,,,,,,,,,,,,,,,,,,,,,,,,,
0.05605245,,,,,,,,,,,,,,,,,,,,,,,,,,,,,,,,,,,,,
0.056117515,,,,,,,,,,,,,,,,,,,,,,,,,,,,,,,,,,,,,
0.05618258,,,,,,,,,,,,,,,,,,,,,,,,,,,,,,,,,,,,,
0.056247645,,,,,,,,,,,,,,,,,,,,,,,,,,,,,,,,,,,,,
0.05631271,,,,,,,,,,,,,,,,,,,,,,,,,,,,,,,,,,,,,
0.056377775,,,,,,,,,,,,,,,,,,,,,,,,,,,,,,,,,,,,,
0.05644284,,,,,,,,,,,,,,,,,,,,,,,,,,,,,,,,,,,,,
0.056507905,,,,,,,,,,,,,,,,,,,,,,,,,,,,,,,,,,,,,
0.05657297,,,,,,,,,,,,,,,,,,,,,,,,,,,,,,,,,,,,,
0.056638035,,,,,,,,,,,,,,,,,,,,,,,,,,,,,,,,,,,,,
0.056703099,,,,,,,,,,,,,,,,,,,,,,,,,,,,,,,,,,,,,
0.056768164,,,,,,,,,,,,,,,,,,,,,,,,,,,,,,,,,,,,,
0.056833229,,,,,,,,,,,,,,,,,,,,,,,,,,,,,,,,,,,,,
0.056898294,,,,,,,,,,,,,,,,,,,,,,,,,,,,,,,,,,,,,
0.056963359,,,,,,,,,,,,,,,,,,,,,,,,,,,,,,,,,,,,,
0.057028424,,,,,,,,,,,,,,,,,,,,,,,,,,,,,,,,,,,,,
0.057093489,,,,,,,,,,,,,,,,,,,,,,,,,,,,,,,,,,,,,
0.057158554,,,,,,,,,,,,,,,,,,,,,,,,,,,,,,,,,,,,,
0.057223619,,,,,,,,,,,,,,,,,,,,,,,,,,,,,,,,,,,,,
0.057288684,,,,,,,,,,,,,,,,,,,,,,,,,,,,,,,,,,,,,
0.057353749,,,,,,,,,,,,,,,,,,,,,,,,,,,,,,,,,,,,,
0.057418814,,,,,,,,,,,,,,,,,,,,,,,,,,,,,,,,,,,,,
0.057483879,,,,,,,,,,,,,,,,,,,,,,,,,,,,,,,,,,,,,
0.057548944,,,,,,,,,,,,,,,,,,,,,,,,,,,,,,,,,,,,,
0.057614009,,,,,,,,,,,,,,,,,,,,,,,,,,,,,,,,,,,,,
0.057679074,,,,,,,,,,,,,,,,,,,,,,,,,,,,,,,,,,,,,
0.057744139,,,,,,,,,,,,,,,,,,,,,,,,,,,,,,,,,,,,,
0.057809204,,,,,,,,,,,,,,,,,,,,,,,,,,,,,,,,,,,,,
0.057874269,,,,,,,,,,,,,,,,,,,,,,,,,,,,,,,,,,,,,
0.057939334,,,,,,,,,,,,,,,,,,,,,,,,,,,,,,,,,,,,,
0.058004399,,,,,,,,,,,,,,,,,,,,,,,,,,,,,,,,,,,,,
0.058069464,,,,,,,,,,,,,,,,,,,,,,,,,,,,,,,,,,,,,
0.058134529,,,,,,,,,,,,,,,,,,,,,,,,,,,,,,,,,,,,,
0.058199594,,,,,,,,,,,,,,,,,,,,,,,,,,,,,,,,,,,,,
0.058264659,,,,,,,,,,,,,,,,,,,,,,,,,,,,,,,,,,,,,
0.058329724,,,,,,,,,,,,,,,,,,,,,,,,,,,,,,,,,,,,,
0.058394789,,,,,,,,,,,,,,,,,,,,,,,,,,,,,,,,,,,,,
0.058459854,,,,,,,,,,,,,,,,,,,,,,,,,,,,,,,,,,,,,
0.058524919,,,,,,,,,,,,,,,,,,,,,,,,,,,,,,,,,,,,,
0.058589984,,,,,,,,,,,,,,,,,,,,,,,,,,,,,,,,,,,,,
0.058655049,,,,,,,,,,,,,,,,,,,,,,,,,,,,,,,,,,,,,
0.058720114,,,,,,,,,,,,,,,,,,,,,,,,,,,,,,,,,,,,,
0.058785179,,,,,,,,,,,,,,,,,,,,,,,,,,,,,,,,,,,,,
0.058850244,,,,,,,,,,,,,,,,,,,,,,,,,,,,,,,,,,,,,
0.058915308,,,,,,,,,,,,,,,,,,,,,,,,,,,,,,,,,,,,,
0.058980373,,,,,,,,,,,,,,,,,,,,,,,,,,,,,,,,,,,,,
0.059045438,,,,,,,,,,,,,,,,,,,,,,,,,,,,,,,,,,,,,
0.059110503,,,,,,,,,,,,,,,,,,,,,,,,,,,,,,,,,,,,,
0.059175568,,,,,,,,,,,,,,,,,,,,,,,,,,,,,,,,,,,,,
0.059240633,,,,,,,,,,,,,,,,,,,,,,,,,,,,,,,,,,,,,
0.059305698,,,,,,,,,,,,,,,,,,,,,,,,,,,,,,,,,,,,,
0.059370763,,,,,,,,,,,,,,,,,,,,,,,,,,,,,,,,,,,,,
0.059435828,,,,,,,,,,,,,,,,,,,,,,,,,,,,,,,,,,,,,
0.059500893,,,,,,,,,,,,,,,,,,,,,,,,,,,,,,,,,,,,,
0.059565958,,,,,,,,,,,,,,,,,,,,,,,,,,,,,,,,,,,,,
0.059631023,,,,,,,,,,,,,,,,,,,,,,,,,,,,,,,,,,,,,
0.059696088,,,,,,,,,,,,,,,,,,,,,,,,,,,,,,,,,,,,,
0.059761153,,,,,,,,,,,,,,,,,,,,,,,,,,,,,,,,,,,,,
0.059826218,,,,,,,,,,,,,,,,,,,,,,,,,,,,,,,,,,,,,
0.059891283,,,,,,,,,,,,,,,,,,,,,,,,,,,,,,,,,,,,,
0.059956348,,,,,,,,,,,,,,,,,,,,,,,,,,,,,,,,,,,,,
0.060021413,,,,,,,,,,,,,,,,,,,,,,,,,,,,,,,,,,,,,
0.060086478,,,,,,,,,,,,,,,,,,,,,,,,,,,,,,,,,,,,,
0.060151543,,,,,,,,,,,,,,,,,,,,,,,,,,,,,,,,,,,,,
0.060216608,,,,,,,,,,,,,,,,,,,,,,,,,,,,,,,,,,,,,
0.060281673,,,,,,,,,,,,,,,,,,,,,,,,,,,,,,,,,,,,,
0.060346738,,,,,,,,,,,,,,,,,,,,,,,,,,,,,,,,,,,,,
0.060411803,,,,,,,,,,,,,,,,,,,,,,,,,,,,,,,,,,,,,
0.060476868,,,,,,,,,,,,,,,,,,,,,,,,,,,,,,,,,,,,,
0.060541933,,,,,,,,,,,,,,,,,,,,,,,,,,,,,,,,,,,,,
0.060606998,,,,,,,,,,,,,,,,,,,,,,,,,,,,,,,,,,,,,
0.060672063,,,,,,,,,,,,,,,,,,,,,,,,,,,,,,,,,,,,,
0.060737128,,,,,,,,,,,,,,,,,,,,,,,,,,,,,,,,,,,,,
0.060802193,,,,,,,,,,,,,,,,,,,,,,,,,,,,,,,,,,,,,
0.060867258,,,,,,,,,,,,,,,,,,,,,,,,,,,,,,,,,,,,,
0.060932323,,,,,,,,,,,,,,,,,,,,,,,,,,,,,,,,,,,,,
0.060997388,,,,,,,,,,,,,,,,,,,,,,,,,,,,,,,,,,,,,
0.061062453,,,,,,,,,,,,,,,,,,,,,,,,,,,,,,,,,,,,,
0.061127518,,,,,,,,,,,,,,,,,,,,,,,,,,,,,,,,,,,,,
0.061192583,,,,,,,,,,,,,,,,,,,,,,,,,,,,,,,,,,,,,
0.061257648,,,,,,,,,,,,,,,,,,,,,,,,,,,,,,,,,,,,,
0.061322713,,,,,,,,,,,,,,,,,,,,,,,,,,,,,,,,,,,,,
0.061387778,,,,,,,,,,,,,,,,,,,,,,,,,,,,,,,,,,,,,
0.061452843,,,,,,,,,,,,,,,,,,,,,,,,,,,,,,,,,,,,,
0.061517908,,,,,,,,,,,,,,,,,,,,,,,,,,,,,,,,,,,,,
0.061582973,,,,,,,,,,,,,,,,,,,,,,,,,,,,,,,,,,,,,
0.061648038,,,,,,,,,,,,,,,,,,,,,,,,,,,,,,,,,,,,,
0.061713103,,,,,,,,,,,,,,,,,,,,,,,,,,,,,,,,,,,,,
0.061778168,,,,,,,,,,,,,,,,,,,,,,,,,,,,,,,,,,,,,
0.061843233,,,,,,,,,,,,,,,,,,,,,,,,,,,,,,,,,,,,,
0.061908298,,,,,,,,,,,,,,,,,,,,,,,,,,,,,,,,,,,,,
0.061973362,,,,,,,,,,,,,,,,,,,,,,,,,,,,,,,,,,,,,
0.062038427,,,,,,,,,,,,,,,,,,,,,,,,,,,,,,,,,,,,,
0.062103492,,,,,,,,,,,,,,,,,,,,,,,,,,,,,,,,,,,,,
0.062168557,,,,,,,,,,,,,,,,,,,,,,,,,,,,,,,,,,,,,
0.062233622,,,,,,,,,,,,,,,,,,,,,,,,,,,,,,,,,,,,,
0.062298687,,,,,,,,,,,,,,,,,,,,,,,,,,,,,,,,,,,,,
0.062363752,,,,,,,,,,,,,,,,,,,,,,,,,,,,,,,,,,,,,
0.062428817,,,,,,,,,,,,,,,,,,,,,,,,,,,,,,,,,,,,,
0.062493882,,,,,,,,,,,,,,,,,,,,,,,,,,,,,,,,,,,,,
0.062558947,,,,,,,,,,,,,,,,,,,,,,,,,,,,,,,,,,,,,
0.062624012,,,,,,,,,,,,,,,,,,,,,,,,,,,,,,,,,,,,,
0.062689077,,,,,,,,,,,,,,,,,,,,,,,,,,,,,,,,,,,,,
